org.apache.commons.cli.PosixParser,0,12,89,,
org.apache.commons.cli.PosixParser,1,23,78,,
org.apache.commons.cli.PosixParser,2,25,67,,
org.apache.commons.cli.PosixParser,3,25,17,,
org.apache.commons.cli.PosixParser,4,25,3,,
org.apache.commons.cli.PosixParser,5,26,65,,
org.apache.commons.cli.PosixParser,6,28,48,,
org.apache.commons.cli.PosixParser,7,28,48,,
org.apache.commons.cli.PosixParser,8,29,39,,
org.apache.commons.cli.PosixParser,9,29,202,,
org.apache.commons.cli.PosixParser,10,32,137,,
org.apache.commons.cli.PosixParser,11,34,107,,
org.apache.commons.cli.PosixParser,12,28,7,,
org.apache.commons.cli.PosixParser,13,29,206,,
org.apache.commons.cli.PosixParser,14,33,206,,
org.apache.commons.cli.PosixParser,15,33,48,,
org.apache.commons.cli.PosixParser,16,49,194,,
org.apache.commons.cli.PosixParser,17,36,42,,
org.apache.commons.cli.PosixParser,18,35,5,,
org.apache.commons.cli.PosixParser,19,36,6,,
org.apache.commons.cli.PosixParser,20,50,256,,
org.apache.commons.cli.PosixParser,21,37,4,,
org.apache.commons.cli.PosixParser,22,35,37,,
org.apache.commons.cli.PosixParser,23,35,164,,
org.apache.commons.cli.PosixParser,24,36,220,,
org.apache.commons.cli.PosixParser,25,41,257,,
org.apache.commons.cli.PosixParser,26,48,245,,
org.apache.commons.cli.PosixParser,27,39,241,,
org.apache.commons.cli.PosixParser,28,51,234,,
org.apache.commons.cli.PosixParser,29,39,244,,
org.apache.commons.cli.PosixParser,30,47,232,,
org.apache.commons.cli.PosixParser,31,47,124,,
org.apache.commons.cli.PosixParser,32,37,128,,
org.apache.commons.cli.PosixParser,33,64,6,,
org.apache.commons.cli.PosixParser,34,41,27,,
org.apache.commons.cli.PosixParser,35,39,316,,
org.apache.commons.cli.PosixParser,36,41,241,,
org.apache.commons.cli.PosixParser,37,37,15,,
org.apache.commons.cli.PosixParser,38,34,165,,
org.apache.commons.cli.PosixParser,39,40,19,,
org.apache.commons.cli.PosixParser,40,35,174,,
org.apache.commons.cli.PosixParser,41,33,182,,
org.apache.commons.cli.PosixParser,42,35,12,,
org.apache.commons.cli.DeprecatedAttributes,43,31,11,,
org.apache.commons.cli.DeprecatedAttributes,44,30,3,,
org.apache.commons.cli.DeprecatedAttributes,45,31,3,,
org.apache.commons.cli.DeprecatedAttributes,46,33,4,,
org.apache.commons.cli.DeprecatedAttributes,47,34,3,,
org.apache.commons.cli.DeprecatedAttributes,48,36,151,,
org.apache.commons.cli.DeprecatedAttributes,49,34,142,,
org.apache.commons.cli.DeprecatedAttributes,50,35,137,,
org.apache.commons.cli.DeprecatedAttributes,51,35,146,,
org.apache.commons.cli.HelpFormatter,52,38,18,,
org.apache.commons.cli.HelpFormatter,53,41,20,,
org.apache.commons.cli.HelpFormatter,54,41,6,,
org.apache.commons.cli.HelpFormatter,55,50,3,,
org.apache.commons.cli.HelpFormatter,56,46,29,,
org.apache.commons.cli.HelpFormatter,57,43,5,,
org.apache.commons.cli.HelpFormatter,58,44,5,,
org.apache.commons.cli.HelpFormatter,59,44,20,,
org.apache.commons.cli.HelpFormatter,60,44,3,,
org.apache.commons.cli.HelpFormatter,61,42,3,,
org.apache.commons.cli.HelpFormatter,62,40,3,,
org.apache.commons.cli.HelpFormatter,63,41,4,,
org.apache.commons.cli.HelpFormatter,64,42,3,,
org.apache.commons.cli.HelpFormatter,65,43,3,,
org.apache.commons.cli.HelpFormatter,66,59,3,,
org.apache.commons.cli.HelpFormatter,67,40,44,,
org.apache.commons.cli.HelpFormatter,68,41,44,,
org.apache.commons.cli.HelpFormatter,69,53,14,,
org.apache.commons.cli.HelpFormatter,70,51,4,,
org.apache.commons.cli.HelpFormatter,71,40,10,,
org.apache.commons.cli.HelpFormatter,72,40,11,,
org.apache.commons.cli.HelpFormatter,73,42,38,,
org.apache.commons.cli.HelpFormatter,74,44,45,,
org.apache.commons.cli.HelpFormatter,75,43,43,,
org.apache.commons.cli.HelpFormatter,76,45,46,,
org.apache.commons.cli.HelpFormatter,77,47,5,,
org.apache.commons.cli.HelpFormatter,78,54,4,,
org.apache.commons.cli.HelpFormatter,79,39,5,,
org.apache.commons.cli.HelpFormatter,80,41,5,,
org.apache.commons.cli.HelpFormatter,81,43,5,,
org.apache.commons.cli.HelpFormatter,82,43,57,,
org.apache.commons.cli.HelpFormatter,83,61,58,,
org.apache.commons.cli.HelpFormatter,84,45,53,,
org.apache.commons.cli.HelpFormatter,85,59,22,,
org.apache.commons.cli.HelpFormatter,86,46,24,,
org.apache.commons.cli.HelpFormatter,87,43,22,,
org.apache.commons.cli.HelpFormatter,88,62,5,,
org.apache.commons.cli.HelpFormatter,89,40,22,,
org.apache.commons.cli.HelpFormatter,90,43,56,,
org.apache.commons.cli.HelpFormatter,91,48,24,,
org.apache.commons.cli.HelpFormatter,92,53,32,,
org.apache.commons.cli.HelpFormatter,93,47,42,,
org.apache.commons.cli.HelpFormatter,94,67,52,,
org.apache.commons.cli.HelpFormatter,95,43,60,,
org.apache.commons.cli.HelpFormatter,96,46,62,,
org.apache.commons.cli.HelpFormatter,97,45,58,,
org.apache.commons.cli.HelpFormatter,98,57,29,,
org.apache.commons.cli.HelpFormatter,99,50,17,,
org.apache.commons.cli.HelpFormatter,103,45,96,,
org.apache.commons.cli.HelpFormatter,104,65,78,,
org.apache.commons.cli.HelpFormatter,107,53,30,,
org.apache.commons.cli.HelpFormatter,108,42,10,,
org.apache.commons.cli.HelpFormatter,109,46,78,,
org.apache.commons.cli.HelpFormatter,110,47,78,,
org.apache.commons.cli.HelpFormatter,111,57,78,,
org.apache.commons.cli.HelpFormatter,112,56,6,,
org.apache.commons.cli.HelpFormatter,113,40,3,,
org.apache.commons.cli.HelpFormatter,114,49,3,,
org.apache.commons.cli.HelpFormatter,116,56,3,,
org.apache.commons.cli.HelpFormatter,117,40,3,,
org.apache.commons.cli.HelpFormatter,120,41,5,,
org.apache.commons.cli.HelpFormatter,121,41,5,,
org.apache.commons.cli.HelpFormatter,125,43,1,,
org.apache.commons.cli.HelpFormatter,126,38,1,,
org.apache.commons.cli.HelpFormatter,127,38,1,,
org.apache.commons.cli.HelpFormatter,128,44,1,,
org.apache.commons.cli.HelpFormatter,129,39,67,,
org.apache.commons.cli.HelpFormatter,130,43,65,,
org.apache.commons.cli.HelpFormatter,131,45,74,,
org.apache.commons.cli.HelpFormatter,133,69,20,,
org.apache.commons.cli.HelpFormatter,134,48,20,,
org.apache.commons.cli.HelpFormatter,135,47,28,,
org.apache.commons.cli.HelpFormatter,136,54,28,,
org.apache.commons.cli.HelpFormatter,137,44,27,,
org.apache.commons.cli.HelpFormatter,138,43,28,,
org.apache.commons.cli.HelpFormatter,139,44,26,,
org.apache.commons.cli.HelpFormatter,140,64,18,,
org.apache.commons.cli.HelpFormatter,141,58,14,,
org.apache.commons.cli.HelpFormatter,142,43,9,,
org.apache.commons.cli.HelpFormatter,143,44,13,,
org.apache.commons.cli.HelpFormatter,144,41,13,,
org.apache.commons.cli.HelpFormatter,145,42,13,,
org.apache.commons.cli.HelpFormatter,146,45,49,,
org.apache.commons.cli.HelpFormatter,147,44,2,,
org.apache.commons.cli.HelpFormatter,148,65,47,,
org.apache.commons.cli.HelpFormatter,149,48,59,,
org.apache.commons.cli.HelpFormatter,150,45,79,,
org.apache.commons.cli.HelpFormatter,151,61,39,,
org.apache.commons.cli.HelpFormatter,153,48,3,,
org.apache.commons.cli.HelpFormatter,154,45,3,,
org.apache.commons.cli.HelpFormatter,155,41,1,,
org.apache.commons.cli.HelpFormatter,156,43,7,,
org.apache.commons.cli.HelpFormatter,157,41,5,,
org.apache.commons.cli.HelpFormatter,158,41,12,,
org.apache.commons.cli.HelpFormatter,159,50,35,,
org.apache.commons.cli.HelpFormatter,160,53,7,,
org.apache.commons.cli.HelpFormatter,161,42,19,,
org.apache.commons.cli.HelpFormatter,162,46,26,,
org.apache.commons.cli.HelpFormatter,163,55,17,,
org.apache.commons.cli.HelpFormatter,164,44,14,,
org.apache.commons.cli.HelpFormatter,165,49,24,,
org.apache.commons.cli.HelpFormatter,166,49,24,,
org.apache.commons.cli.HelpFormatter,167,42,23,,
org.apache.commons.cli.HelpFormatter,168,47,17,,
org.apache.commons.cli.HelpFormatter,169,44,16,,
org.apache.commons.cli.HelpFormatter,170,42,1,,
org.apache.commons.cli.HelpFormatter,171,41,1,,
org.apache.commons.cli.HelpFormatter,172,42,5,,
org.apache.commons.cli.HelpFormatter,173,43,4,,
org.apache.commons.cli.HelpFormatter,174,43,37,,
org.apache.commons.cli.HelpFormatter,175,61,24,,
org.apache.commons.cli.HelpFormatter,176,46,19,,
org.apache.commons.cli.HelpFormatter,177,44,19,,
org.apache.commons.cli.HelpFormatter,178,43,29,,
org.apache.commons.cli.HelpFormatter,179,46,30,,
org.apache.commons.cli.HelpFormatter,180,46,29,,
org.apache.commons.cli.HelpFormatter,181,47,26,,
org.apache.commons.cli.HelpFormatter,182,64,22,,
org.apache.commons.cli.HelpFormatter,183,45,17,,
org.apache.commons.cli.HelpFormatter,184,43,3,,
org.apache.commons.cli.HelpFormatter,185,41,3,,
org.apache.commons.cli.HelpFormatter,186,41,16,,
org.apache.commons.cli.HelpFormatter,187,43,16,,
org.apache.commons.cli.HelpFormatter,188,43,38,,
org.apache.commons.cli.HelpFormatter,189,47,23,,
org.apache.commons.cli.HelpFormatter,190,49,19,,
org.apache.commons.cli.HelpFormatter,191,52,9,,
org.apache.commons.cli.HelpFormatter,192,44,44,,
org.apache.commons.cli.HelpFormatter,193,50,40,,
org.apache.commons.cli.HelpFormatter,194,55,40,,
org.apache.commons.cli.HelpFormatter,195,44,68,,
org.apache.commons.cli.HelpFormatter,196,62,71,,
org.apache.commons.cli.HelpFormatter,197,51,67,,
org.apache.commons.cli.HelpFormatter,198,50,70,,
org.apache.commons.cli.HelpFormatter,199,45,84,,
org.apache.commons.cli.HelpFormatter,200,47,64,,
org.apache.commons.cli.HelpFormatter,201,55,13,,
org.apache.commons.cli.CommandLine,202,47,210,,
org.apache.commons.cli.CommandLine,203,49,767,,
org.apache.commons.cli.CommandLine,204,57,740,,
org.apache.commons.cli.CommandLine,205,43,93,,
org.apache.commons.cli.CommandLine,206,44,90,,
org.apache.commons.cli.CommandLine,207,43,125,,
org.apache.commons.cli.CommandLine,208,50,78,,
org.apache.commons.cli.CommandLine,209,47,2,,
org.apache.commons.cli.CommandLine,210,42,5,,
org.apache.commons.cli.CommandLine,211,40,8,,
org.apache.commons.cli.CommandLine,212,42,9,,
org.apache.commons.cli.CommandLine,213,44,1,,
org.apache.commons.cli.CommandLine,214,43,7,,
org.apache.commons.cli.CommandLine,215,44,7,,
org.apache.commons.cli.CommandLine,216,42,2,,
org.apache.commons.cli.CommandLine,217,40,2,,
org.apache.commons.cli.CommandLine,218,40,2,,
org.apache.commons.cli.CommandLine,219,40,67,,
org.apache.commons.cli.CommandLine,220,43,54,,
org.apache.commons.cli.CommandLine,221,42,58,,
org.apache.commons.cli.CommandLine,222,44,279,,
org.apache.commons.cli.CommandLine,223,46,57,,
org.apache.commons.cli.CommandLine,224,47,59,,
org.apache.commons.cli.CommandLine,225,50,353,,
org.apache.commons.cli.CommandLine,226,63,370,,
org.apache.commons.cli.CommandLine,227,49,74,,
org.apache.commons.cli.CommandLine,228,56,79,,
org.apache.commons.cli.CommandLine,229,44,80,,
org.apache.commons.cli.CommandLine,230,42,58,,
org.apache.commons.cli.CommandLine,231,43,69,,
org.apache.commons.cli.CommandLine,232,43,63,,
org.apache.commons.cli.CommandLine,233,40,44,,
org.apache.commons.cli.CommandLine,234,39,55,,
org.apache.commons.cli.CommandLine,235,41,33,,
org.apache.commons.cli.CommandLine,236,43,147,,
org.apache.commons.cli.CommandLine,237,60,427,,
org.apache.commons.cli.CommandLine,238,43,348,,
org.apache.commons.cli.CommandLine,239,52,42,,
org.apache.commons.cli.CommandLine,240,43,293,,
org.apache.commons.cli.CommandLine,241,59,301,,
org.apache.commons.cli.CommandLine,242,39,355,,
org.apache.commons.cli.CommandLine,243,48,68,,
org.apache.commons.cli.CommandLine,244,53,70,,
org.apache.commons.cli.CommandLine,245,43,63,,
org.apache.commons.cli.CommandLine,246,41,5,,
org.apache.commons.cli.CommandLine,247,43,21,,
org.apache.commons.cli.CommandLine,248,39,19,,
org.apache.commons.cli.CommandLine,249,39,21,,
org.apache.commons.cli.CommandLine,250,37,23,,
org.apache.commons.cli.CommandLine,251,38,18,,
org.apache.commons.cli.CommandLine,252,39,20,,
org.apache.commons.cli.CommandLine,253,40,28,,
org.apache.commons.cli.CommandLine,254,38,20,,
org.apache.commons.cli.CommandLine,255,37,24,,
org.apache.commons.cli.CommandLine,256,40,31,,
org.apache.commons.cli.CommandLine,257,40,17,,
org.apache.commons.cli.CommandLine,258,40,15,,
org.apache.commons.cli.CommandLine,259,41,30,,
org.apache.commons.cli.CommandLine,260,40,23,,
org.apache.commons.cli.CommandLine,261,41,22,,
org.apache.commons.cli.CommandLine,262,39,25,,
org.apache.commons.cli.CommandLine,263,42,22,,
org.apache.commons.cli.CommandLine,264,48,19,,
org.apache.commons.cli.CommandLine,265,42,19,,
org.apache.commons.cli.CommandLine,266,43,62,,
org.apache.commons.cli.CommandLine,267,57,69,,
org.apache.commons.cli.CommandLine,268,47,61,,
org.apache.commons.cli.CommandLine,269,38,69,,
org.apache.commons.cli.CommandLine,270,42,275,,
org.apache.commons.cli.CommandLine,271,45,289,,
org.apache.commons.cli.CommandLine,272,47,296,,
org.apache.commons.cli.CommandLine,273,45,240,,
org.apache.commons.cli.CommandLine,274,37,28,,
org.apache.commons.cli.CommandLine,275,39,268,,
org.apache.commons.cli.CommandLine,276,45,330,,
org.apache.commons.cli.CommandLine,277,57,22,,
org.apache.commons.cli.CommandLine,278,42,72,,
org.apache.commons.cli.CommandLine,279,43,67,,
org.apache.commons.cli.CommandLine,280,40,70,,
org.apache.commons.cli.CommandLine,281,41,69,,
org.apache.commons.cli.CommandLine,282,41,1,,
org.apache.commons.cli.CommandLine,283,39,31,,
org.apache.commons.cli.CommandLine,284,50,29,,
org.apache.commons.cli.CommandLine,285,51,41,,
org.apache.commons.cli.CommandLine,286,37,36,,
org.apache.commons.cli.CommandLine,287,36,17,,
org.apache.commons.cli.CommandLine,288,35,21,,
org.apache.commons.cli.CommandLine,289,37,6,,
org.apache.commons.cli.CommandLine,290,36,8,,
org.apache.commons.cli.CommandLine,291,36,7,,
org.apache.commons.cli.CommandLine,292,36,6,,
org.apache.commons.cli.CommandLine,293,35,7,,
org.apache.commons.cli.CommandLine,294,35,7,,
org.apache.commons.cli.CommandLine,295,35,380,,
org.apache.commons.cli.CommandLine,296,56,471,,
org.apache.commons.cli.CommandLine,297,44,438,,
org.apache.commons.cli.CommandLine,298,38,392,,
org.apache.commons.cli.Option$Builder,299,33,8,,
org.apache.commons.cli.Option$Builder,300,33,157,,
org.apache.commons.cli.Option$Builder,301,37,267,,
org.apache.commons.cli.Option$Builder,302,39,9,,
org.apache.commons.cli.Option$Builder,303,36,5,,
org.apache.commons.cli.Option$Builder,304,37,9,,
org.apache.commons.cli.Option$Builder,305,36,10,,
org.apache.commons.cli.Option$Builder,306,36,10,,
org.apache.commons.cli.Option$Builder,307,35,138,,
org.apache.commons.cli.Option$Builder,308,49,141,,
org.apache.commons.cli.Option$Builder,309,37,147,,
org.apache.commons.cli.Option$Builder,310,40,1,,
org.apache.commons.cli.Option$Builder,311,40,90,,
org.apache.commons.cli.Option$Builder,312,38,12,,
org.apache.commons.cli.Option$Builder,313,35,160,,
org.apache.commons.cli.Option$Builder,314,36,15,,
org.apache.commons.cli.Option$Builder,315,42,17,,
org.apache.commons.cli.Option$Builder,316,32,17,,
org.apache.commons.cli.Option$Builder,317,29,1,,
org.apache.commons.cli.Option$Builder,318,47,9,,
org.apache.commons.cli.Option$Builder,319,30,1,,
org.apache.commons.cli.Option$Builder,320,30,197,,
org.apache.commons.cli.Option$Builder,321,33,195,,
org.apache.commons.cli.Option$Builder,322,32,10,,
org.apache.commons.cli.Option$Builder,323,33,43,,
org.apache.commons.cli.Option$Builder,324,30,45,,
org.apache.commons.cli.DefaultParser$Builder,325,29,123,,
org.apache.commons.cli.DefaultParser$Builder,326,31,1,,
org.apache.commons.cli.DefaultParser$Builder,327,29,84,,
org.apache.commons.cli.DefaultParser$Builder,328,29,8,,
org.apache.commons.cli.DefaultParser,329,30,122,,
org.apache.commons.cli.DefaultParser,330,34,5,,
org.apache.commons.cli.DefaultParser,331,32,2,,
org.apache.commons.cli.DefaultParser,332,45,228,,
org.apache.commons.cli.DefaultParser,333,44,80,,
org.apache.commons.cli.DefaultParser,334,34,204,,
org.apache.commons.cli.DefaultParser,335,37,23,,
org.apache.commons.cli.DefaultParser,336,36,21,,
org.apache.commons.cli.DefaultParser,337,35,22,,
org.apache.commons.cli.DefaultParser,338,35,12,,
org.apache.commons.cli.DefaultParser,339,36,22,,
org.apache.commons.cli.DefaultParser,340,37,121,,
org.apache.commons.cli.DefaultParser,341,39,1,,
org.apache.commons.cli.DefaultParser,342,41,0,,
org.apache.commons.cli.DefaultParser,343,33,111,,
org.apache.commons.cli.DefaultParser,344,39,9,,
org.apache.commons.cli.DefaultParser,345,38,10,,
org.apache.commons.cli.DefaultParser,346,35,10,,
org.apache.commons.cli.DefaultParser,347,36,3,,
org.apache.commons.cli.DefaultParser,348,36,1,,
org.apache.commons.cli.DefaultParser,349,37,1,,
org.apache.commons.cli.DefaultParser,350,38,3,,
org.apache.commons.cli.DefaultParser,351,36,9,,
org.apache.commons.cli.DefaultParser,352,36,10,,
org.apache.commons.cli.DefaultParser,353,39,6,,
org.apache.commons.cli.DefaultParser,354,39,5,,
org.apache.commons.cli.DefaultParser,355,41,4,,
org.apache.commons.cli.DefaultParser,356,39,4,,
org.apache.commons.cli.DefaultParser,357,36,79,,
org.apache.commons.cli.DefaultParser,358,35,9,,
org.apache.commons.cli.DefaultParser,359,35,94,,
org.apache.commons.cli.DefaultParser,360,38,9,,
org.apache.commons.cli.DefaultParser,361,36,1,,
org.apache.commons.cli.DefaultParser,362,37,13,,
org.apache.commons.cli.DefaultParser,363,37,13,,
org.apache.commons.cli.DefaultParser,364,35,1,,
org.apache.commons.cli.DefaultParser,365,36,12,,
org.apache.commons.cli.DefaultParser,366,37,11,,
org.apache.commons.cli.DefaultParser,367,35,2,,
org.apache.commons.cli.DefaultParser,368,33,9,,
org.apache.commons.cli.DefaultParser,369,35,11,,
org.apache.commons.cli.DefaultParser,370,37,9,,
org.apache.commons.cli.DefaultParser,371,55,84,,
org.apache.commons.cli.DefaultParser,372,35,1,,
org.apache.commons.cli.DefaultParser,373,48,83,,
org.apache.commons.cli.DefaultParser,374,36,87,,
org.apache.commons.cli.DefaultParser,375,37,3,,
org.apache.commons.cli.DefaultParser,376,36,78,,
org.apache.commons.cli.DefaultParser,377,35,82,,
org.apache.commons.cli.DefaultParser,378,36,213,,
org.apache.commons.cli.DefaultParser,379,36,207,,
org.apache.commons.cli.DefaultParser,380,35,205,,
org.apache.commons.cli.DefaultParser,381,34,210,,
org.apache.commons.cli.DefaultParser,382,39,3,,
org.apache.commons.cli.DefaultParser,383,37,3,,
org.apache.commons.cli.DefaultParser,384,36,1,,
org.apache.commons.cli.DefaultParser,385,37,5,,
org.apache.commons.cli.DefaultParser,386,33,10,,
org.apache.commons.cli.DefaultParser,387,34,7,,
org.apache.commons.cli.DefaultParser,388,35,211,,
org.apache.commons.cli.DefaultParser,389,35,8,,
org.apache.commons.cli.DefaultParser,390,36,1,,
org.apache.commons.cli.DefaultParser,391,35,7,,
org.apache.commons.cli.DefaultParser,392,37,6,,
org.apache.commons.cli.DefaultParser,393,36,6,,
org.apache.commons.cli.DefaultParser,394,37,4,,
org.apache.commons.cli.DefaultParser,395,39,4,,
org.apache.commons.cli.DefaultParser,396,38,4,,
org.apache.commons.cli.DefaultParser,397,37,4,,
org.apache.commons.cli.DefaultParser,398,38,14,,
org.apache.commons.cli.DefaultParser,399,37,2,,
org.apache.commons.cli.DefaultParser,400,36,2,,
org.apache.commons.cli.DefaultParser,401,36,10,,
org.apache.commons.cli.DefaultParser,402,38,130,,
org.apache.commons.cli.DefaultParser,403,37,10,,
org.apache.commons.cli.DefaultParser,404,48,10,,
org.apache.commons.cli.DefaultParser,405,42,3,,
org.apache.commons.cli.DefaultParser,406,36,3,,
org.apache.commons.cli.DefaultParser,407,37,2,,
org.apache.commons.cli.DefaultParser,408,35,2,,
org.apache.commons.cli.DefaultParser,409,34,1,,
org.apache.commons.cli.DefaultParser,410,34,7,,
org.apache.commons.cli.DefaultParser,411,42,119,,
org.apache.commons.cli.DefaultParser,412,40,5,,
org.apache.commons.cli.DefaultParser,413,38,4,,
org.apache.commons.cli.DefaultParser,414,36,4,,
org.apache.commons.cli.DefaultParser,415,37,3,,
org.apache.commons.cli.DefaultParser,416,37,106,,
org.apache.commons.cli.DefaultParser,417,39,2,,
org.apache.commons.cli.DefaultParser,418,39,28,,
org.apache.commons.cli.DefaultParser,419,34,21,,
org.apache.commons.cli.DefaultParser,420,37,3,,
org.apache.commons.cli.DefaultParser,421,36,20,,
org.apache.commons.cli.DefaultParser,422,37,4,,
org.apache.commons.cli.DefaultParser,423,35,15,,
org.apache.commons.cli.DefaultParser,424,37,4,,
org.apache.commons.cli.DefaultParser,425,37,174,,
org.apache.commons.cli.DefaultParser,426,38,212,,
org.apache.commons.cli.DefaultParser,427,37,10,,
org.apache.commons.cli.DefaultParser,428,37,218,,
org.apache.commons.cli.DefaultParser,429,35,221,,
org.apache.commons.cli.DefaultParser,430,36,99,,
org.apache.commons.cli.DefaultParser,431,38,108,,
org.apache.commons.cli.DefaultParser,432,44,222,,
org.apache.commons.cli.DefaultParser,433,39,98,,
org.apache.commons.cli.DefaultParser,434,38,211,,
org.apache.commons.cli.DefaultParser,435,36,95,,
org.apache.commons.cli.DefaultParser,436,39,141,,
org.apache.commons.cli.DefaultParser,437,47,128,,
org.apache.commons.cli.DefaultParser,438,44,142,,
org.apache.commons.cli.DefaultParser,439,44,37,,
org.apache.commons.cli.DefaultParser,440,50,203,,
org.apache.commons.cli.DefaultParser,441,40,11,,
org.apache.commons.cli.DefaultParser,442,41,10,,
org.apache.commons.cli.DefaultParser,443,39,9,,
org.apache.commons.cli.DefaultParser,444,40,41,,
org.apache.commons.cli.DefaultParser,445,42,43,,
org.apache.commons.cli.DefaultParser,446,41,45,,
org.apache.commons.cli.DefaultParser,447,39,275,,
org.apache.commons.cli.DefaultParser,448,38,7,,
org.apache.commons.cli.DefaultParser,449,39,99,,
org.apache.commons.cli.DefaultParser,450,43,106,,
org.apache.commons.cli.DefaultParser,451,42,20,,
org.apache.commons.cli.DefaultParser,452,44,17,,
org.apache.commons.cli.DefaultParser,453,39,18,,
org.apache.commons.cli.DefaultParser,454,43,14,,
org.apache.commons.cli.DefaultParser,455,44,21,,
org.apache.commons.cli.DefaultParser,456,40,19,,
org.apache.commons.cli.DefaultParser,457,41,12,,
org.apache.commons.cli.DefaultParser,458,43,102,,
org.apache.commons.cli.DefaultParser,459,41,10,,
org.apache.commons.cli.DefaultParser,460,42,11,,
org.apache.commons.cli.DefaultParser,461,42,105,,
org.apache.commons.cli.DefaultParser,462,39,9,,
org.apache.commons.cli.DefaultParser,463,38,1,,
org.apache.commons.cli.DefaultParser,464,38,1,,
org.apache.commons.cli.DefaultParser,465,38,8,,
org.apache.commons.cli.DefaultParser,466,39,104,,
org.apache.commons.cli.DefaultParser,467,44,1,,
org.apache.commons.cli.DefaultParser,468,53,8,,
org.apache.commons.cli.DefaultParser,469,44,100,,
org.apache.commons.cli.DefaultParser,470,42,107,,
org.apache.commons.cli.DefaultParser,471,53,107,,
org.apache.commons.cli.DefaultParser,472,43,9,,
org.apache.commons.cli.DefaultParser,473,42,93,,
org.apache.commons.cli.DefaultParser,474,38,9,,
org.apache.commons.cli.DefaultParser,475,41,8,,
org.apache.commons.cli.DefaultParser,476,44,103,,
org.apache.commons.cli.DefaultParser,477,47,6,,
org.apache.commons.cli.DefaultParser,478,44,3,,
org.apache.commons.cli.DefaultParser,479,41,3,,
org.apache.commons.cli.DefaultParser,480,42,3,,
org.apache.commons.cli.DefaultParser,481,42,106,,
org.apache.commons.cli.DefaultParser,482,41,193,,
org.apache.commons.cli.DefaultParser,483,49,196,,
org.apache.commons.cli.DefaultParser,484,55,202,,
org.apache.commons.cli.DefaultParser,485,47,192,,
org.apache.commons.cli.DefaultParser,486,35,204,,
org.apache.commons.cli.DefaultParser,487,39,115,,
org.apache.commons.cli.DefaultParser,488,33,220,,
org.apache.commons.cli.DefaultParser,489,37,210,,
org.apache.commons.cli.DefaultParser,490,34,213,,
org.apache.commons.cli.DefaultParser,491,36,11,,
org.apache.commons.cli.DefaultParser,492,34,1,,
org.apache.commons.cli.DefaultParser,493,34,20,,
org.apache.commons.cli.DefaultParser,494,35,21,,
org.apache.commons.cli.DefaultParser,495,34,2,,
org.apache.commons.cli.DefaultParser,496,34,102,,
org.apache.commons.cli.DefaultParser,497,44,3,,
org.apache.commons.cli.DefaultParser,498,44,102,,
org.apache.commons.cli.DefaultParser,499,37,5,,
org.apache.commons.cli.DefaultParser,500,36,210,,
org.apache.commons.cli.DefaultParser,501,56,110,,
org.apache.commons.cli.DefaultParser,502,35,115,,
org.apache.commons.cli.DefaultParser,503,34,198,,
org.apache.commons.cli.ParseException,504,29,29,,
org.apache.commons.cli.ParseException,505,31,0,,
org.apache.commons.cli.ParseException,506,30,30,,
org.apache.commons.cli.ParseException,507,31,30,,
org.apache.commons.cli.Options,508,35,1,,
org.apache.commons.cli.Options,509,36,306,,
org.apache.commons.cli.Options,510,33,64,,
org.apache.commons.cli.Options,511,33,482,,
org.apache.commons.cli.Options,512,35,483,,
org.apache.commons.cli.Options,513,34,36,,
org.apache.commons.cli.Options,514,34,476,,
org.apache.commons.cli.Options,515,35,143,,
org.apache.commons.cli.Options,516,37,143,,
org.apache.commons.cli.Options,517,34,147,,
org.apache.commons.cli.Options,518,37,3,,
org.apache.commons.cli.Options,519,36,1,,
org.apache.commons.cli.Options,520,34,1,,
org.apache.commons.cli.Options,521,35,198,,
org.apache.commons.cli.Options,522,40,143,,
org.apache.commons.cli.Options,523,37,58,,
org.apache.commons.cli.Options,524,39,65,,
org.apache.commons.cli.Options,525,38,427,,
org.apache.commons.cli.Options,526,35,415,,
org.apache.commons.cli.Options,527,35,413,,
org.apache.commons.cli.Options,528,35,436,,
org.apache.commons.cli.Options,529,33,20,,
org.apache.commons.cli.Options,530,36,443,,
org.apache.commons.cli.Options,531,53,107,,
org.apache.commons.cli.Options,532,40,108,,
org.apache.commons.cli.Options,533,37,224,,
org.apache.commons.cli.Options,534,38,180,,
org.apache.commons.cli.Options,535,37,226,,
org.apache.commons.cli.Options,536,36,116,,
org.apache.commons.cli.Options,537,35,120,,
org.apache.commons.cli.Options,538,36,278,,
org.apache.commons.cli.Options,539,37,1,,
org.apache.commons.cli.OptionValidator,540,33,97,,
org.apache.commons.cli.OptionValidator,541,34,92,,
org.apache.commons.cli.OptionValidator,542,33,34,,
org.apache.commons.cli.OptionValidator,543,35,559,,
org.apache.commons.cli.OptionValidator,544,34,527,,
org.apache.commons.cli.OptionValidator,545,33,32,,
org.apache.commons.cli.OptionValidator,546,33,64,,
org.apache.commons.cli.OptionValidator,547,35,5,,
org.apache.commons.cli.OptionValidator,548,35,59,,
org.apache.commons.cli.OptionValidator,549,34,504,,
org.apache.commons.cli.OptionValidator,550,34,521,,
org.apache.commons.cli.OptionValidator,551,34,527,,
org.apache.commons.cli.OptionValidator,552,34,547,,
org.apache.commons.cli.OptionValidator,553,34,505,,
org.apache.commons.cli.OptionValidator,554,34,504,,
org.apache.commons.cli.OptionValidator,555,34,93,,
org.apache.commons.cli.OptionValidator,556,54,81,,
org.apache.commons.cli.OptionValidator,557,36,82,,
org.apache.commons.cli.OptionValidator,558,34,174,,
org.apache.commons.cli.Option,559,38,358,,
org.apache.commons.cli.Option,560,38,6,,
org.apache.commons.cli.Option,561,44,341,,
org.apache.commons.cli.Option,562,36,340,,
org.apache.commons.cli.Option,563,37,329,,
org.apache.commons.cli.Option,564,39,329,,
org.apache.commons.cli.Option,565,38,345,,
org.apache.commons.cli.Option,566,39,335,,
org.apache.commons.cli.Option,567,37,4,,
org.apache.commons.cli.Option,568,35,276,,
org.apache.commons.cli.Option,569,33,126,,
org.apache.commons.cli.Option,570,31,147,,
org.apache.commons.cli.Option,571,32,242,,
org.apache.commons.cli.Option,572,36,393,,
org.apache.commons.cli.Option,573,34,222,,
org.apache.commons.cli.Option,574,35,1,,
org.apache.commons.cli.Option,575,36,215,,
org.apache.commons.cli.Option,576,38,144,,
org.apache.commons.cli.Option,577,38,211,,
org.apache.commons.cli.Option,578,36,374,,
org.apache.commons.cli.Option,579,38,344,,
org.apache.commons.cli.Option,580,35,9,,
org.apache.commons.cli.Option,581,34,19,,
org.apache.commons.cli.Option,582,32,15,,
org.apache.commons.cli.Option,583,34,16,,
org.apache.commons.cli.Option,584,34,3,,
org.apache.commons.cli.Option,585,38,34,,
org.apache.commons.cli.Option,586,35,0,,
org.apache.commons.cli.Option,587,34,483,,
org.apache.commons.cli.Option,588,32,479,,
org.apache.commons.cli.Option,589,33,464,,
org.apache.commons.cli.Option,590,35,402,,
org.apache.commons.cli.Option,591,54,1,,
org.apache.commons.cli.Option,592,37,4,,
org.apache.commons.cli.Option,593,36,1,,
org.apache.commons.cli.Option,594,34,1,,
org.apache.commons.cli.Option,595,35,1,,
org.apache.commons.cli.Option,596,34,1,,
org.apache.commons.cli.Option,597,34,0,,
org.apache.commons.cli.Option,598,35,1,,
org.apache.commons.cli.Option,599,37,25,,
org.apache.commons.cli.Option,600,38,162,,
org.apache.commons.cli.Option,601,39,169,,
org.apache.commons.cli.Option,602,40,282,,
org.apache.commons.cli.Option,603,61,448,,
org.apache.commons.cli.Option,604,57,445,,
org.apache.commons.cli.Option,605,47,455,,
org.apache.commons.cli.Option,606,32,219,,
org.apache.commons.cli.Option,607,47,1,,
org.apache.commons.cli.Option,608,35,0,,
org.apache.commons.cli.Option,609,34,0,,
org.apache.commons.cli.Option,610,34,118,,
org.apache.commons.cli.Option,611,36,130,,
org.apache.commons.cli.Option,612,34,135,,
org.apache.commons.cli.Option,613,38,138,,
org.apache.commons.cli.Option,614,40,473,,
org.apache.commons.cli.Option,615,34,494,,
org.apache.commons.cli.Option,616,38,166,,
org.apache.commons.cli.Option,617,41,161,,
org.apache.commons.cli.Option,618,49,26,,
org.apache.commons.cli.Option,619,43,26,,
org.apache.commons.cli.Option,620,42,272,,
org.apache.commons.cli.Option,621,41,272,,
org.apache.commons.cli.Option,622,40,273,,
org.apache.commons.cli.Option,623,39,2,,
org.apache.commons.cli.Option,624,37,384,,
org.apache.commons.cli.Option,625,36,393,,
org.apache.commons.cli.Option,626,38,491,,
org.apache.commons.cli.Option,627,37,515,,
org.apache.commons.cli.Option,628,36,287,,
org.apache.commons.cli.Option,629,41,24,,
org.apache.commons.cli.Option,630,38,18,,
org.apache.commons.cli.Option,631,35,20,,
org.apache.commons.cli.Option,632,53,21,,
org.apache.commons.cli.Option,634,36,280,,
org.apache.commons.cli.Option,635,36,270,,
org.apache.commons.cli.Option,636,39,7,,
org.apache.commons.cli.Option,637,33,2,,
org.apache.commons.cli.Option,638,34,2,,
org.apache.commons.cli.Option,639,34,6,,
org.apache.commons.cli.Option,640,34,5,,
org.apache.commons.cli.Option,641,34,84,,
org.apache.commons.cli.Option,642,36,82,,
org.apache.commons.cli.Option,643,47,1,,
org.apache.commons.cli.Option,644,44,19,,
org.apache.commons.cli.Option,645,42,20,,
org.apache.commons.cli.Option,646,38,18,,
org.apache.commons.cli.Option,647,50,131,,
org.apache.commons.cli.Option,648,55,132,,
org.apache.commons.cli.Option,649,50,134,,
org.apache.commons.cli.Option,650,52,131,,
org.apache.commons.cli.Option,651,44,120,,
org.apache.commons.cli.OptionBuilder,652,34,70,,
org.apache.commons.cli.OptionBuilder,653,46,70,,
org.apache.commons.cli.OptionBuilder,654,36,1,,
org.apache.commons.cli.OptionBuilder,655,36,128,,
org.apache.commons.cli.OptionBuilder,656,33,189,,
org.apache.commons.cli.OptionBuilder,657,40,184,,
org.apache.commons.cli.OptionBuilder,658,38,178,,
org.apache.commons.cli.OptionBuilder,659,37,200,,
org.apache.commons.cli.OptionBuilder,660,39,182,,
org.apache.commons.cli.OptionBuilder,661,44,175,,
org.apache.commons.cli.OptionBuilder,662,37,186,,
org.apache.commons.cli.OptionBuilder,663,40,180,,
org.apache.commons.cli.OptionBuilder,664,39,179,,
org.apache.commons.cli.OptionBuilder,665,41,175,,
org.apache.commons.cli.OptionBuilder,666,33,47,,
org.apache.commons.cli.OptionBuilder,667,34,0,,
org.apache.commons.cli.OptionBuilder,668,33,0,,
org.apache.commons.cli.OptionBuilder,669,33,16,,
org.apache.commons.cli.OptionBuilder,670,34,8,,
org.apache.commons.cli.OptionBuilder,671,35,58,,
org.apache.commons.cli.OptionBuilder,672,51,44,,
org.apache.commons.cli.OptionBuilder,673,35,57,,
org.apache.commons.cli.OptionBuilder,674,35,34,,
org.apache.commons.cli.OptionBuilder,675,34,2,,
org.apache.commons.cli.OptionBuilder,676,34,14,,
org.apache.commons.cli.OptionBuilder,677,34,120,,
org.apache.commons.cli.OptionBuilder,678,35,1,,
org.apache.commons.cli.OptionBuilder,679,34,12,,
org.apache.commons.cli.OptionBuilder,680,34,9,,
org.apache.commons.cli.Parser,681,34,207,,
org.apache.commons.cli.Parser,682,36,229,,
org.apache.commons.cli.Parser,683,37,202,,
org.apache.commons.cli.Parser,684,37,148,,
org.apache.commons.cli.Parser,685,36,27,,
org.apache.commons.cli.Parser,686,35,204,,
org.apache.commons.cli.Parser,687,36,208,,
org.apache.commons.cli.Parser,688,36,206,,
org.apache.commons.cli.Parser,689,36,3,,
org.apache.commons.cli.Parser,690,34,3,,
org.apache.commons.cli.Parser,691,32,209,,
org.apache.commons.cli.Parser,692,33,202,,
org.apache.commons.cli.Parser,693,32,27,,
org.apache.commons.cli.Parser,694,32,8,,
org.apache.commons.cli.Parser,695,34,203,,
org.apache.commons.cli.Parser,696,34,40,,
org.apache.commons.cli.Parser,697,32,42,,
org.apache.commons.cli.Parser,698,35,199,,
org.apache.commons.cli.Parser,699,34,29,,
org.apache.commons.cli.Parser,700,32,225,,
org.apache.commons.cli.Parser,701,35,26,,
org.apache.commons.cli.Parser,702,33,27,,
org.apache.commons.cli.Parser,703,33,207,,
org.apache.commons.cli.Parser,704,32,199,,
org.apache.commons.cli.Parser,705,34,191,,
org.apache.commons.cli.Parser,706,33,21,,
org.apache.commons.cli.Parser,707,33,223,,
org.apache.commons.cli.Parser,708,33,224,,
org.apache.commons.cli.Parser,709,34,221,,
org.apache.commons.cli.Parser,710,34,31,,
org.apache.commons.cli.Parser,711,34,134,,
org.apache.commons.cli.Parser,712,33,72,,
org.apache.commons.cli.Parser,713,33,136,,
org.apache.commons.cli.Parser,714,35,139,,
org.apache.commons.cli.Parser,715,34,21,,
org.apache.commons.cli.Parser,716,34,141,,
org.apache.commons.cli.Parser,717,35,192,,
org.apache.commons.cli.Parser,718,35,190,,
org.apache.commons.cli.Parser,719,34,188,,
org.apache.commons.cli.Parser,720,52,139,,
org.apache.commons.cli.Parser,721,34,184,,
org.apache.commons.cli.Parser,722,33,9,,
org.apache.commons.cli.Parser,723,32,9,,
org.apache.commons.cli.Parser,724,33,3,,
org.apache.commons.cli.Parser,725,33,16,,
org.apache.commons.cli.Parser,726,34,18,,
org.apache.commons.cli.Parser,727,33,30,,
org.apache.commons.cli.Parser,728,35,24,,
org.apache.commons.cli.Parser,729,34,214,,
org.apache.commons.cli.Parser,730,34,21,,
org.apache.commons.cli.Parser,731,34,4,,
org.apache.commons.cli.Parser,732,35,22,,
org.apache.commons.cli.Parser,733,34,18,,
org.apache.commons.cli.Parser,734,34,17,,
org.apache.commons.cli.Parser,735,35,10,,
org.apache.commons.cli.Parser,736,34,10,,
org.apache.commons.cli.Parser,737,36,207,,
org.apache.commons.cli.Parser,738,34,16,,
org.apache.commons.cli.Parser,739,34,16,,
org.apache.commons.cli.Parser,740,34,200,,
org.apache.commons.cli.HelpFormatter$OptionComparator,741,31,12,,
org.apache.commons.cli.Util,742,32,473,,
org.apache.commons.cli.Util,743,37,462,,
org.apache.commons.cli.Util,744,35,473,,
org.apache.commons.cli.Util,745,37,14,,
org.apache.commons.cli.Util,746,36,14,,
org.apache.commons.cli.Util,747,38,1,,
org.apache.commons.cli.Util,748,37,224,,
org.apache.commons.cli.Util,749,35,226,,
org.apache.commons.cli.Util,750,36,212,,
org.apache.commons.cli.Util,751,38,18,,
org.apache.commons.cli.Util,752,35,18,,
org.apache.commons.cli.Util,753,35,17,,
org.apache.commons.cli.Util,754,34,19,,
org.apache.commons.cli.Util,755,35,18,,
org.apache.commons.cli.Util,756,35,207,,
org.apache.commons.cli.Util,757,38,227,,
org.apache.commons.cli.Util,758,38,0,,
org.apache.commons.cli.Util,759,39,430,,
org.apache.commons.cli.Util,760,41,170,,
org.apache.commons.cli.Util,761,37,430,,
org.apache.commons.cli.Util,762,37,298,,
org.apache.commons.cli.Util,763,63,411,,
org.apache.commons.cli.Util,764,36,439,,
org.apache.commons.cli.Util,765,38,18,,
org.apache.commons.cli.PatternOptionBuilder,766,35,1,,
org.apache.commons.cli.PatternOptionBuilder,767,37,2,,
org.apache.commons.cli.PatternOptionBuilder,768,38,1,,
org.apache.commons.cli.PatternOptionBuilder,769,37,1,,
org.apache.commons.cli.PatternOptionBuilder,770,36,1,,
org.apache.commons.cli.PatternOptionBuilder,771,35,1,,
org.apache.commons.cli.PatternOptionBuilder,772,35,1,,
org.apache.commons.cli.PatternOptionBuilder,773,36,1,,
org.apache.commons.cli.PatternOptionBuilder,774,35,1,,
org.apache.commons.cli.PatternOptionBuilder,775,35,5,,
org.apache.commons.cli.PatternOptionBuilder,776,36,5,,
org.apache.commons.cli.PatternOptionBuilder,777,35,5,,
org.apache.commons.cli.PatternOptionBuilder,778,35,5,,
org.apache.commons.cli.PatternOptionBuilder,779,37,6,,
org.apache.commons.cli.PatternOptionBuilder,780,38,5,,
org.apache.commons.cli.PatternOptionBuilder,781,34,5,,
org.apache.commons.cli.PatternOptionBuilder,782,34,6,,
org.apache.commons.cli.PatternOptionBuilder,783,34,5,,
org.apache.commons.cli.PatternOptionBuilder,784,34,5,,
org.apache.commons.cli.PatternOptionBuilder,785,34,5,,
org.apache.commons.cli.PatternOptionBuilder,786,34,5,,
org.apache.commons.cli.PatternOptionBuilder,787,34,6,,
org.apache.commons.cli.PatternOptionBuilder,788,35,5,,
org.apache.commons.cli.PatternOptionBuilder,789,35,6,,
org.apache.commons.cli.PatternOptionBuilder,790,35,6,,
org.apache.commons.cli.PatternOptionBuilder,791,34,6,,
org.apache.commons.cli.PatternOptionBuilder,792,37,5,,
org.apache.commons.cli.PatternOptionBuilder,793,34,6,,
org.apache.commons.cli.PatternOptionBuilder,794,34,4,,
org.apache.commons.cli.PatternOptionBuilder,795,34,5,,
org.apache.commons.cli.UnrecognizedOptionException,796,32,23,,
org.apache.commons.cli.AmbiguousOptionException,797,31,7,,
org.apache.commons.cli.AmbiguousOptionException,798,33,7,,
org.apache.commons.cli.AmbiguousOptionException,799,32,7,,
org.apache.commons.cli.AmbiguousOptionException,800,34,7,,
org.apache.commons.cli.CommandLine$Builder,801,32,2,,
org.apache.commons.cli.CommandLine$Builder,802,33,3,,
org.apache.commons.cli.CommandLine$Builder,803,32,2,,
org.apache.commons.cli.CommandLine$Builder,804,33,2,,
org.apache.commons.cli.CommandLine$Builder,805,33,438,,
org.apache.commons.cli.CommandLine$Builder,806,36,17,,
org.apache.commons.cli.CommandLine$Builder,807,35,218,,
org.apache.commons.cli.BasicParser,808,32,43,,
org.apache.commons.cli.GnuParser,809,32,10,,
org.apache.commons.cli.GnuParser,810,34,4,,
org.apache.commons.cli.GnuParser,811,34,13,,
org.apache.commons.cli.GnuParser,812,34,49,,
org.apache.commons.cli.GnuParser,813,36,5,,
org.apache.commons.cli.GnuParser,814,37,5,,
org.apache.commons.cli.GnuParser,815,38,6,,
org.apache.commons.cli.GnuParser,816,41,53,,
org.apache.commons.cli.GnuParser,817,34,51,,
org.apache.commons.cli.GnuParser,818,37,51,,
org.apache.commons.cli.GnuParser,819,34,47,,
org.apache.commons.cli.GnuParser,820,34,46,,
org.apache.commons.cli.GnuParser,821,36,47,,
org.apache.commons.cli.GnuParser,822,34,46,,
org.apache.commons.cli.GnuParser,823,35,45,,
org.apache.commons.cli.GnuParser,824,37,18,,
org.apache.commons.cli.AlreadySelectedException,825,33,2,,
org.apache.commons.cli.Converter,827,33,2,,
org.apache.commons.cli.Converter,828,35,1,,
org.apache.commons.cli.Converter,829,36,9,,
org.apache.commons.cli.Converter,830,34,13,,
org.apache.commons.cli.Converter,831,34,3,,
org.apache.commons.cli.Converter,832,34,5,,
org.apache.commons.cli.MissingOptionException,833,33,19,,
org.apache.commons.cli.MissingOptionException,834,35,18,,
org.apache.commons.cli.MissingOptionException,835,35,19,,
org.apache.commons.cli.MissingOptionException,836,34,20,,
org.apache.commons.cli.MissingOptionException,837,36,14,,
org.apache.commons.cli.OptionGroup,838,34,101,,
org.apache.commons.cli.OptionGroup,839,35,0,,
org.apache.commons.cli.OptionGroup,840,36,140,,
org.apache.commons.cli.OptionGroup,841,39,125,,
org.apache.commons.cli.OptionGroup,842,40,147,,
org.apache.commons.cli.OptionGroup,843,38,149,,
org.apache.commons.cli.OptionGroup,844,41,131,,
org.apache.commons.cli.OptionGroup,845,37,137,,
org.apache.commons.cli.OptionGroup,846,52,136,,
org.apache.commons.cli.OptionGroup,847,39,1,,
org.apache.commons.cli.OptionGroup,848,37,142,,
org.apache.commons.cli.OptionGroup,849,37,5,,
org.apache.commons.cli.OptionGroup,850,39,5,,
org.apache.commons.cli.OptionGroup,851,38,5,,
org.apache.commons.cli.OptionGroup,852,38,6,,
org.apache.commons.cli.OptionGroup,853,39,6,,
org.apache.commons.cli.DeprecatedAttributes$Builder,854,39,6,,
org.apache.commons.cli.DeprecatedAttributes$Builder,855,36,5,,
org.apache.commons.cli.DeprecatedAttributes$Builder,856,35,5,,
org.apache.commons.cli.DeprecatedAttributes$Builder,857,35,5,,
org.apache.commons.cli.TypeHandler,858,35,0,,
org.apache.commons.cli.TypeHandler,859,35,2,,
org.apache.commons.cli.TypeHandler,860,36,6,,
org.apache.commons.cli.TypeHandler,861,36,0,,
org.apache.commons.cli.TypeHandler,862,36,1,,
org.apache.commons.cli.TypeHandler,863,35,0,,
org.apache.commons.cli.TypeHandler,864,37,1,,
org.apache.commons.cli.TypeHandler,865,36,34,,
org.apache.commons.cli.TypeHandler,866,38,24,,
org.apache.commons.cli.TypeHandler,867,39,3,,
org.apache.commons.cli.TypeHandler,868,40,246,,
org.apache.commons.cli.TypeHandler,869,59,242,,
org.apache.commons.cli.TypeHandler,870,37,3,,
org.apache.commons.cli.TypeHandler,871,38,3,,
org.apache.commons.cli.TypeHandler,872,38,0,,
org.apache.commons.cli.TypeHandler,873,37,6,,
org.apache.commons.cli.HelpFormatter$Builder,874,35,4,,
org.apache.commons.cli.HelpFormatter$Builder,875,36,4,,
org.apache.commons.cli.HelpFormatter$Builder,876,36,1,,
org.apache.commons.cli.HelpFormatter$Builder,877,36,2,,
org.apache.commons.cli.HelpFormatter$Builder,878,44,2,,
org.apache.commons.cli.HelpFormatter$Builder,879,43,1,,
org.apache.commons.cli.HelpFormatter$Builder,880,37,1,,
org.apache.commons.cli.HelpFormatter,100,39,3000,TIMED_OUT,
org.apache.commons.cli.HelpFormatter,101,13,3008,TIMED_OUT,
org.apache.commons.cli.HelpFormatter,102,13,3010,TIMED_OUT,
org.apache.commons.cli.HelpFormatter,105,13,23,TIMED_OUT,
org.apache.commons.cli.HelpFormatter,106,12,3027,TIMED_OUT,
org.apache.commons.cli.HelpFormatter,115,12,3009,TIMED_OUT,
org.apache.commons.cli.HelpFormatter,118,18,3010,TIMED_OUT,
org.apache.commons.cli.HelpFormatter,119,13,13,TIMED_OUT,
org.apache.commons.cli.HelpFormatter,122,13,3009,TIMED_OUT,
org.apache.commons.cli.HelpFormatter,123,12,3012,TIMED_OUT,
org.apache.commons.cli.HelpFormatter,124,12,3010,TIMED_OUT,
org.apache.commons.cli.HelpFormatter,132,12,9,TIMED_OUT,
org.apache.commons.cli.HelpFormatter,152,12,3011,TIMED_OUT,
org.apache.commons.cli.Option,633,8,0,TIMED_OUT,
Total Runtime,,34161,106235,14,880
Complete Runtime,,175,,,
