org.apache.commons.cli.Util,756,12,525,,
org.apache.commons.cli.Util,745,27,25,,
org.apache.commons.cli.Util,748,26,388,,
org.apache.commons.cli.Util,760,28,305,,
org.apache.commons.cli.Util,749,33,379,,
org.apache.commons.cli.Util,763,45,649,,
org.apache.commons.cli.Util,759,28,622,,
org.apache.commons.cli.Util,762,30,383,,
org.apache.commons.cli.Util,752,29,24,,
org.apache.commons.cli.Util,753,28,22,,
org.apache.commons.cli.Util,744,29,610,,
org.apache.commons.cli.Util,755,34,23,,
org.apache.commons.cli.Util,751,32,23,,
org.apache.commons.cli.Util,742,32,604,,
org.apache.commons.cli.Util,743,32,745,,
org.apache.commons.cli.Util,761,32,604,,
org.apache.commons.cli.Util,765,56,18,,
org.apache.commons.cli.Util,750,29,246,,
org.apache.commons.cli.Util,764,42,471,,
org.apache.commons.cli.Util,754,30,19,,
org.apache.commons.cli.Util,746,31,15,,
org.apache.commons.cli.Util,757,51,245,,
org.apache.commons.cli.Util,758,32,1,,
org.apache.commons.cli.Util,747,31,1,,
org.apache.commons.cli.TypeHandler,867,30,4,,
org.apache.commons.cli.TypeHandler,861,32,1,,
org.apache.commons.cli.TypeHandler,863,32,1,,
org.apache.commons.cli.TypeHandler,873,32,8,,
org.apache.commons.cli.TypeHandler,862,32,1,,
org.apache.commons.cli.TypeHandler,866,32,33,,
org.apache.commons.cli.TypeHandler,872,32,1,,
org.apache.commons.cli.TypeHandler,868,33,284,,
org.apache.commons.cli.TypeHandler,859,30,3,,
org.apache.commons.cli.TypeHandler,865,31,39,,
org.apache.commons.cli.TypeHandler,864,30,1,,
org.apache.commons.cli.TypeHandler,871,29,4,,
org.apache.commons.cli.TypeHandler,860,29,7,,
org.apache.commons.cli.TypeHandler,858,30,1,,
org.apache.commons.cli.TypeHandler,870,29,4,,
org.apache.commons.cli.TypeHandler,869,29,287,,
org.apache.commons.cli.PosixParser,22,28,22,,
org.apache.commons.cli.PosixParser,6,30,15,,
org.apache.commons.cli.PosixParser,31,37,74,,
org.apache.commons.cli.PosixParser,7,29,16,,
org.apache.commons.cli.PosixParser,5,32,24,,
org.apache.commons.cli.PosixParser,0,31,23,,
org.apache.commons.cli.PosixParser,9,29,66,,
org.apache.commons.cli.PosixParser,23,31,96,,
org.apache.commons.cli.PosixParser,17,31,25,,
org.apache.commons.cli.PosixParser,35,32,144,,
org.apache.commons.cli.PosixParser,40,32,105,,
org.apache.commons.cli.PosixParser,3,31,6,,
org.apache.commons.cli.PosixParser,10,30,75,,
org.apache.commons.cli.PosixParser,18,31,3,,
org.apache.commons.cli.PosixParser,1,32,22,,
org.apache.commons.cli.PosixParser,21,30,2,,
org.apache.commons.cli.PosixParser,12,32,4,,
org.apache.commons.cli.PosixParser,28,32,152,,
org.apache.commons.cli.PosixParser,24,32,149,,
org.apache.commons.cli.PosixParser,41,30,122,,
org.apache.commons.cli.PosixParser,16,34,121,,
org.apache.commons.cli.PosixParser,11,35,81,,
org.apache.commons.cli.PosixParser,34,34,14,,
org.apache.commons.cli.PosixParser,8,32,17,,
org.apache.commons.cli.PosixParser,19,31,3,,
org.apache.commons.cli.PosixParser,32,31,71,,
org.apache.commons.cli.PosixParser,13,34,124,,
org.apache.commons.cli.PosixParser,2,31,24,,
org.apache.commons.cli.PosixParser,30,32,137,,
org.apache.commons.cli.PosixParser,15,30,25,,
org.apache.commons.cli.PosixParser,37,30,8,,
org.apache.commons.cli.PosixParser,36,30,157,,
org.apache.commons.cli.PosixParser,39,33,12,,
org.apache.commons.cli.PosixParser,4,33,1,,
org.apache.commons.cli.PosixParser,29,32,173,,
org.apache.commons.cli.PosixParser,14,47,162,,
org.apache.commons.cli.PosixParser,38,39,123,,
org.apache.commons.cli.PosixParser,42,36,10,,
org.apache.commons.cli.PosixParser,26,35,184,,
org.apache.commons.cli.PosixParser,20,37,194,,
org.apache.commons.cli.PosixParser,33,35,2,,
org.apache.commons.cli.PosixParser,27,36,162,,
org.apache.commons.cli.PosixParser,25,43,153,,
org.apache.commons.cli.OptionValidator,555,34,109,,
org.apache.commons.cli.OptionValidator,554,34,790,,
org.apache.commons.cli.OptionValidator,546,33,72,,
org.apache.commons.cli.OptionValidator,550,33,549,,
org.apache.commons.cli.OptionValidator,543,33,597,,
org.apache.commons.cli.OptionValidator,542,33,34,,
org.apache.commons.cli.OptionValidator,553,33,547,,
org.apache.commons.cli.OptionValidator,558,34,208,,
org.apache.commons.cli.OptionValidator,556,34,92,,
org.apache.commons.cli.OptionValidator,551,35,540,,
org.apache.commons.cli.OptionValidator,545,33,36,,
org.apache.commons.cli.OptionValidator,540,34,100,,
org.apache.commons.cli.OptionValidator,549,59,502,,
org.apache.commons.cli.OptionValidator,547,34,4,,
org.apache.commons.cli.OptionValidator,552,34,561,,
org.apache.commons.cli.OptionValidator,544,30,548,,
org.apache.commons.cli.OptionValidator,541,30,92,,
org.apache.commons.cli.OptionValidator,557,33,91,,
org.apache.commons.cli.OptionValidator,548,30,63,,
org.apache.commons.cli.OptionBuilder,661,31,180,,
org.apache.commons.cli.OptionBuilder,659,47,184,,
org.apache.commons.cli.OptionBuilder,664,31,256,,
org.apache.commons.cli.OptionBuilder,669,67,16,,
org.apache.commons.cli.OptionBuilder,667,31,0,,
org.apache.commons.cli.OptionBuilder,652,30,73,,
org.apache.commons.cli.OptionBuilder,662,35,180,,
org.apache.commons.cli.OptionBuilder,670,33,8,,
org.apache.commons.cli.OptionBuilder,665,32,188,,
org.apache.commons.cli.OptionBuilder,666,32,47,,
org.apache.commons.cli.OptionBuilder,671,33,53,,
org.apache.commons.cli.OptionBuilder,680,34,9,,
org.apache.commons.cli.OptionBuilder,654,30,1,,
org.apache.commons.cli.OptionBuilder,673,31,59,,
org.apache.commons.cli.OptionBuilder,668,35,0,,
org.apache.commons.cli.OptionBuilder,656,50,182,,
org.apache.commons.cli.OptionBuilder,663,33,176,,
org.apache.commons.cli.OptionBuilder,660,31,182,,
org.apache.commons.cli.OptionBuilder,675,31,2,,
org.apache.commons.cli.OptionBuilder,672,31,49,,
org.apache.commons.cli.OptionBuilder,678,34,1,,
org.apache.commons.cli.OptionBuilder,655,36,133,,
org.apache.commons.cli.OptionBuilder,653,32,71,,
org.apache.commons.cli.OptionBuilder,658,31,181,,
org.apache.commons.cli.OptionBuilder,676,32,14,,
org.apache.commons.cli.OptionBuilder,677,33,122,,
org.apache.commons.cli.OptionBuilder,674,33,32,,
org.apache.commons.cli.OptionBuilder,657,34,390,,
org.apache.commons.cli.OptionBuilder,679,66,11,,
org.apache.commons.cli.DefaultParser,468,33,7,,
org.apache.commons.cli.DefaultParser,337,35,24,,
org.apache.commons.cli.DefaultParser,367,35,2,,
org.apache.commons.cli.DefaultParser,461,35,115,,
org.apache.commons.cli.DefaultParser,355,36,4,,
org.apache.commons.cli.DefaultParser,329,35,143,,
org.apache.commons.cli.DefaultParser,446,37,51,,
org.apache.commons.cli.DefaultParser,424,39,4,,
org.apache.commons.cli.DefaultParser,459,37,10,,
org.apache.commons.cli.DefaultParser,454,37,14,,
org.apache.commons.cli.DefaultParser,484,35,226,,
org.apache.commons.cli.DefaultParser,469,55,104,,
org.apache.commons.cli.DefaultParser,381,35,204,,
org.apache.commons.cli.DefaultParser,441,36,10,,
org.apache.commons.cli.DefaultParser,374,35,79,,
org.apache.commons.cli.DefaultParser,352,37,11,,
org.apache.commons.cli.DefaultParser,425,37,173,,
org.apache.commons.cli.DefaultParser,447,37,272,,
org.apache.commons.cli.DefaultParser,475,35,8,,
org.apache.commons.cli.DefaultParser,460,35,9,,
org.apache.commons.cli.DefaultParser,397,35,3,,
org.apache.commons.cli.DefaultParser,380,35,216,,
org.apache.commons.cli.DefaultParser,456,36,18,,
org.apache.commons.cli.DefaultParser,378,37,214,,
org.apache.commons.cli.DefaultParser,390,40,1,,
org.apache.commons.cli.DefaultParser,333,38,89,,
org.apache.commons.cli.DefaultParser,451,39,21,,
org.apache.commons.cli.DefaultParser,449,38,110,,
org.apache.commons.cli.DefaultParser,463,37,1,,
org.apache.commons.cli.DefaultParser,376,37,80,,
org.apache.commons.cli.DefaultParser,342,37,0,,
org.apache.commons.cli.DefaultParser,437,38,122,,
org.apache.commons.cli.DefaultParser,363,36,12,,
org.apache.commons.cli.DefaultParser,458,39,97,,
org.apache.commons.cli.DefaultParser,400,38,2,,
org.apache.commons.cli.DefaultParser,365,38,12,,
org.apache.commons.cli.DefaultParser,335,40,22,,
org.apache.commons.cli.DefaultParser,406,38,3,,
org.apache.commons.cli.DefaultParser,450,38,99,,
org.apache.commons.cli.DefaultParser,371,39,87,,
org.apache.commons.cli.DefaultParser,366,40,12,,
org.apache.commons.cli.DefaultParser,370,37,8,,
org.apache.commons.cli.DefaultParser,348,37,1,,
org.apache.commons.cli.DefaultParser,413,37,4,,
org.apache.commons.cli.DefaultParser,487,38,118,,
org.apache.commons.cli.DefaultParser,387,41,7,,
org.apache.commons.cli.DefaultParser,422,41,4,,
org.apache.commons.cli.DefaultParser,428,39,205,,
org.apache.commons.cli.DefaultParser,481,36,97,,
org.apache.commons.cli.DefaultParser,394,37,3,,
org.apache.commons.cli.DefaultParser,439,38,35,,
org.apache.commons.cli.DefaultParser,372,37,1,,
org.apache.commons.cli.DefaultParser,443,35,8,,
org.apache.commons.cli.DefaultParser,430,36,103,,
org.apache.commons.cli.DefaultParser,496,38,96,,
org.apache.commons.cli.DefaultParser,464,38,1,,
org.apache.commons.cli.DefaultParser,472,36,10,,
org.apache.commons.cli.DefaultParser,440,38,218,,
org.apache.commons.cli.DefaultParser,500,38,212,,
org.apache.commons.cli.DefaultParser,395,32,3,,
org.apache.commons.cli.DefaultParser,476,34,100,,
org.apache.commons.cli.DefaultParser,382,34,4,,
org.apache.commons.cli.DefaultParser,482,36,178,,
org.apache.commons.cli.DefaultParser,418,31,29,,
org.apache.commons.cli.DefaultParser,414,32,3,,
org.apache.commons.cli.DefaultParser,452,32,17,,
org.apache.commons.cli.DefaultParser,503,32,206,,
org.apache.commons.cli.DefaultParser,426,35,207,,
org.apache.commons.cli.DefaultParser,489,33,202,,
org.apache.commons.cli.DefaultParser,471,32,101,,
org.apache.commons.cli.DefaultParser,404,35,9,,
org.apache.commons.cli.DefaultParser,347,34,3,,
org.apache.commons.cli.DefaultParser,339,34,22,,
org.apache.commons.cli.DefaultParser,466,32,101,,
org.apache.commons.cli.DefaultParser,485,35,206,,
org.apache.commons.cli.DefaultParser,340,34,109,,
org.apache.commons.cli.DefaultParser,373,33,80,,
org.apache.commons.cli.DefaultParser,364,35,1,,
org.apache.commons.cli.DefaultParser,501,34,111,,
org.apache.commons.cli.DefaultParser,393,33,5,,
org.apache.commons.cli.DefaultParser,403,33,10,,
org.apache.commons.cli.DefaultParser,457,33,11,,
org.apache.commons.cli.DefaultParser,495,33,2,,
org.apache.commons.cli.DefaultParser,445,35,40,,
org.apache.commons.cli.DefaultParser,360,35,8,,
org.apache.commons.cli.DefaultParser,486,35,199,,
org.apache.commons.cli.DefaultParser,465,33,8,,
org.apache.commons.cli.DefaultParser,479,34,3,,
org.apache.commons.cli.DefaultParser,386,33,9,,
org.apache.commons.cli.DefaultParser,331,34,2,,
org.apache.commons.cli.DefaultParser,356,33,4,,
org.apache.commons.cli.DefaultParser,467,35,1,,
org.apache.commons.cli.DefaultParser,494,36,22,,
org.apache.commons.cli.DefaultParser,435,37,91,,
org.apache.commons.cli.DefaultParser,488,33,216,,
org.apache.commons.cli.DefaultParser,343,33,112,,
org.apache.commons.cli.DefaultParser,438,34,122,,
org.apache.commons.cli.DefaultParser,362,34,14,,
org.apache.commons.cli.DefaultParser,383,33,3,,
org.apache.commons.cli.DefaultParser,480,32,2,,
org.apache.commons.cli.DefaultParser,336,33,21,,
org.apache.commons.cli.DefaultParser,455,36,20,,
org.apache.commons.cli.DefaultParser,405,35,3,,
org.apache.commons.cli.DefaultParser,420,35,4,,
org.apache.commons.cli.DefaultParser,436,34,138,,
org.apache.commons.cli.DefaultParser,423,33,15,,
org.apache.commons.cli.DefaultParser,429,34,220,,
org.apache.commons.cli.DefaultParser,433,35,100,,
org.apache.commons.cli.DefaultParser,415,38,3,,
org.apache.commons.cli.DefaultParser,401,37,9,,
org.apache.commons.cli.DefaultParser,351,37,14,,
org.apache.commons.cli.DefaultParser,453,41,28,,
org.apache.commons.cli.DefaultParser,354,35,6,,
org.apache.commons.cli.DefaultParser,369,36,11,,
org.apache.commons.cli.DefaultParser,434,35,213,,
org.apache.commons.cli.DefaultParser,384,33,1,,
org.apache.commons.cli.DefaultParser,346,33,10,,
org.apache.commons.cli.DefaultParser,431,34,115,,
org.apache.commons.cli.DefaultParser,385,37,6,,
org.apache.commons.cli.DefaultParser,344,36,10,,
org.apache.commons.cli.DefaultParser,497,35,2,,
org.apache.commons.cli.DefaultParser,416,35,110,,
org.apache.commons.cli.DefaultParser,491,36,11,,
org.apache.commons.cli.DefaultParser,410,38,7,,
org.apache.commons.cli.DefaultParser,377,38,81,,
org.apache.commons.cli.DefaultParser,392,35,5,,
org.apache.commons.cli.DefaultParser,408,35,2,,
org.apache.commons.cli.DefaultParser,421,34,19,,
org.apache.commons.cli.DefaultParser,462,34,9,,
org.apache.commons.cli.DefaultParser,492,34,1,,
org.apache.commons.cli.DefaultParser,493,33,20,,
org.apache.commons.cli.DefaultParser,478,36,3,,
org.apache.commons.cli.DefaultParser,477,35,6,,
org.apache.commons.cli.DefaultParser,499,36,4,,
org.apache.commons.cli.DefaultParser,398,36,12,,
org.apache.commons.cli.DefaultParser,473,34,97,,
org.apache.commons.cli.DefaultParser,419,36,20,,
org.apache.commons.cli.DefaultParser,368,37,10,,
org.apache.commons.cli.DefaultParser,402,34,124,,
org.apache.commons.cli.DefaultParser,399,36,2,,
org.apache.commons.cli.DefaultParser,350,34,3,,
org.apache.commons.cli.DefaultParser,330,34,5,,
org.apache.commons.cli.DefaultParser,407,34,2,,
org.apache.commons.cli.DefaultParser,332,35,214,,
org.apache.commons.cli.DefaultParser,357,36,77,,
org.apache.commons.cli.DefaultParser,474,37,8,,
org.apache.commons.cli.DefaultParser,444,35,40,,
org.apache.commons.cli.DefaultParser,361,34,1,,
org.apache.commons.cli.DefaultParser,411,35,108,,
org.apache.commons.cli.DefaultParser,396,37,3,,
org.apache.commons.cli.DefaultParser,379,34,197,,
org.apache.commons.cli.DefaultParser,391,34,6,,
org.apache.commons.cli.DefaultParser,470,35,104,,
org.apache.commons.cli.DefaultParser,412,38,3,,
org.apache.commons.cli.DefaultParser,409,37,1,,
org.apache.commons.cli.DefaultParser,490,36,210,,
org.apache.commons.cli.DefaultParser,358,38,11,,
org.apache.commons.cli.DefaultParser,353,36,5,,
org.apache.commons.cli.DefaultParser,432,38,212,,
org.apache.commons.cli.DefaultParser,427,37,10,,
org.apache.commons.cli.DefaultParser,375,38,3,,
org.apache.commons.cli.DefaultParser,349,34,1,,
org.apache.commons.cli.DefaultParser,448,35,8,,
org.apache.commons.cli.DefaultParser,345,35,11,,
org.apache.commons.cli.DefaultParser,338,36,11,,
org.apache.commons.cli.DefaultParser,389,36,7,,
org.apache.commons.cli.DefaultParser,483,36,196,,
org.apache.commons.cli.DefaultParser,502,36,112,,
org.apache.commons.cli.DefaultParser,442,37,9,,
org.apache.commons.cli.DefaultParser,359,38,84,,
org.apache.commons.cli.DefaultParser,334,35,199,,
org.apache.commons.cli.DefaultParser,417,37,2,,
org.apache.commons.cli.DefaultParser,498,35,114,,
org.apache.commons.cli.DefaultParser,341,44,0,,
org.apache.commons.cli.DefaultParser,388,34,210,,
org.apache.commons.cli.HelpFormatter,106,37,3001,TIMED_OUT,
org.apache.commons.cli.HelpFormatter,179,15,63,,
org.apache.commons.cli.HelpFormatter,167,27,55,,
org.apache.commons.cli.HelpFormatter,187,27,33,,
org.apache.commons.cli.HelpFormatter,142,32,20,,
org.apache.commons.cli.HelpFormatter,120,31,11,,
org.apache.commons.cli.HelpFormatter,115,32,3001,TIMED_OUT,
org.apache.commons.cli.HelpFormatter,103,15,166,,
org.apache.commons.cli.HelpFormatter,69,31,21,,
org.apache.commons.cli.HelpFormatter,125,30,3,,
org.apache.commons.cli.HelpFormatter,112,26,8,,
org.apache.commons.cli.HelpFormatter,157,31,8,,
org.apache.commons.cli.HelpFormatter,166,40,55,,
org.apache.commons.cli.HelpFormatter,57,48,9,,
org.apache.commons.cli.HelpFormatter,93,34,87,,
org.apache.commons.cli.HelpFormatter,78,35,5,,
org.apache.commons.cli.HelpFormatter,114,32,6,,
org.apache.commons.cli.HelpFormatter,54,32,10,,
org.apache.commons.cli.HelpFormatter,186,34,29,,
org.apache.commons.cli.HelpFormatter,117,30,6,,
org.apache.commons.cli.HelpFormatter,169,34,29,,
org.apache.commons.cli.HelpFormatter,64,34,7,,
org.apache.commons.cli.HelpFormatter,165,34,50,,
org.apache.commons.cli.HelpFormatter,59,35,34,,
org.apache.commons.cli.HelpFormatter,197,42,137,,
org.apache.commons.cli.HelpFormatter,191,47,19,,
org.apache.commons.cli.HelpFormatter,139,47,44,,
org.apache.commons.cli.HelpFormatter,160,47,19,,
org.apache.commons.cli.HelpFormatter,201,46,17,,
org.apache.commons.cli.HelpFormatter,65,37,6,,
org.apache.commons.cli.HelpFormatter,86,38,33,,
org.apache.commons.cli.HelpFormatter,180,41,40,,
org.apache.commons.cli.HelpFormatter,198,41,110,,
org.apache.commons.cli.HelpFormatter,200,39,123,,
org.apache.commons.cli.HelpFormatter,83,41,72,,
org.apache.commons.cli.HelpFormatter,73,45,68,,
org.apache.commons.cli.HelpFormatter,149,40,70,,
org.apache.commons.cli.HelpFormatter,174,49,42,,
org.apache.commons.cli.HelpFormatter,131,46,97,,
org.apache.commons.cli.HelpFormatter,74,43,75,,
org.apache.commons.cli.HelpFormatter,55,50,5,,
org.apache.commons.cli.HelpFormatter,98,42,34,,
org.apache.commons.cli.HelpFormatter,161,38,34,,
org.apache.commons.cli.HelpFormatter,96,40,83,,
org.apache.commons.cli.HelpFormatter,72,41,19,,
org.apache.commons.cli.HelpFormatter,127,40,2,,
org.apache.commons.cli.HelpFormatter,170,38,2,,
org.apache.commons.cli.HelpFormatter,102,38,3002,TIMED_OUT,
org.apache.commons.cli.HelpFormatter,92,14,79,,
org.apache.commons.cli.HelpFormatter,63,29,6,,
org.apache.commons.cli.HelpFormatter,154,30,6,,
org.apache.commons.cli.HelpFormatter,145,26,20,,
org.apache.commons.cli.HelpFormatter,79,30,6,,
org.apache.commons.cli.HelpFormatter,91,33,37,,
org.apache.commons.cli.HelpFormatter,128,31,3,,
org.apache.commons.cli.HelpFormatter,84,31,76,,
org.apache.commons.cli.HelpFormatter,53,31,36,,
org.apache.commons.cli.HelpFormatter,144,32,27,,
org.apache.commons.cli.HelpFormatter,68,33,82,,
org.apache.commons.cli.HelpFormatter,75,34,82,,
org.apache.commons.cli.HelpFormatter,123,35,3003,TIMED_OUT,
org.apache.commons.cli.HelpFormatter,94,13,114,,
org.apache.commons.cli.HelpFormatter,71,28,19,,
org.apache.commons.cli.HelpFormatter,126,28,3,,
org.apache.commons.cli.HelpFormatter,195,28,132,,
org.apache.commons.cli.HelpFormatter,108,31,14,,
org.apache.commons.cli.HelpFormatter,88,31,5,,
org.apache.commons.cli.HelpFormatter,58,31,8,,
org.apache.commons.cli.HelpFormatter,95,34,84,,
org.apache.commons.cli.HelpFormatter,152,35,3000,TIMED_OUT,
org.apache.commons.cli.HelpFormatter,87,14,47,,
org.apache.commons.cli.HelpFormatter,147,30,3,,
org.apache.commons.cli.HelpFormatter,177,29,37,,
org.apache.commons.cli.HelpFormatter,133,27,40,,
org.apache.commons.cli.HelpFormatter,143,30,28,,
org.apache.commons.cli.HelpFormatter,118,31,3003,TIMED_OUT,
org.apache.commons.cli.HelpFormatter,76,14,118,,
org.apache.commons.cli.HelpFormatter,111,30,103,,
org.apache.commons.cli.HelpFormatter,188,28,76,,
org.apache.commons.cli.HelpFormatter,185,32,6,,
org.apache.commons.cli.HelpFormatter,135,32,34,,
org.apache.commons.cli.HelpFormatter,97,33,76,,
org.apache.commons.cli.HelpFormatter,153,35,6,,
org.apache.commons.cli.HelpFormatter,156,35,10,,
org.apache.commons.cli.HelpFormatter,66,37,5,,
org.apache.commons.cli.HelpFormatter,194,38,64,,
org.apache.commons.cli.HelpFormatter,90,37,73,,
org.apache.commons.cli.HelpFormatter,183,37,29,,
org.apache.commons.cli.HelpFormatter,159,36,40,,
org.apache.commons.cli.HelpFormatter,100,38,3009,TIMED_OUT,
org.apache.commons.cli.HelpFormatter,164,14,47,,
org.apache.commons.cli.HelpFormatter,141,28,27,,
org.apache.commons.cli.HelpFormatter,184,29,6,,
org.apache.commons.cli.HelpFormatter,124,27,3470,TIMED_OUT,
org.apache.commons.cli.HelpFormatter,129,14,156,,
org.apache.commons.cli.HelpFormatter,163,28,34,,
org.apache.commons.cli.HelpFormatter,132,28,3001,TIMED_OUT,
org.apache.commons.cli.HelpFormatter,182,20,61,,
org.apache.commons.cli.HelpFormatter,138,27,41,,
org.apache.commons.cli.HelpFormatter,82,29,82,,
org.apache.commons.cli.HelpFormatter,77,28,6,,
org.apache.commons.cli.HelpFormatter,134,30,38,,
org.apache.commons.cli.HelpFormatter,67,30,78,,
org.apache.commons.cli.HelpFormatter,171,31,2,,
org.apache.commons.cli.HelpFormatter,162,31,45,,
org.apache.commons.cli.HelpFormatter,62,33,6,,
org.apache.commons.cli.HelpFormatter,199,34,115,,
org.apache.commons.cli.HelpFormatter,158,34,15,,
org.apache.commons.cli.HelpFormatter,109,32,104,,
org.apache.commons.cli.HelpFormatter,146,36,63,,
org.apache.commons.cli.HelpFormatter,173,35,4,,
org.apache.commons.cli.HelpFormatter,107,36,34,,
org.apache.commons.cli.HelpFormatter,119,36,3002,TIMED_OUT,
org.apache.commons.cli.HelpFormatter,61,13,15,,
org.apache.commons.cli.HelpFormatter,85,26,39,,
org.apache.commons.cli.HelpFormatter,189,29,34,,
org.apache.commons.cli.HelpFormatter,81,31,7,,
org.apache.commons.cli.HelpFormatter,52,29,36,,
org.apache.commons.cli.HelpFormatter,151,29,81,,
org.apache.commons.cli.HelpFormatter,190,32,40,,
org.apache.commons.cli.HelpFormatter,155,39,3,,
org.apache.commons.cli.HelpFormatter,104,31,113,,
org.apache.commons.cli.HelpFormatter,196,35,120,,
org.apache.commons.cli.HelpFormatter,89,36,27,,
org.apache.commons.cli.HelpFormatter,168,36,29,,
org.apache.commons.cli.HelpFormatter,148,35,57,,
org.apache.commons.cli.HelpFormatter,175,38,37,,
org.apache.commons.cli.HelpFormatter,178,35,35,,
org.apache.commons.cli.HelpFormatter,101,37,3001,TIMED_OUT,
org.apache.commons.cli.HelpFormatter,140,14,57,,
org.apache.commons.cli.HelpFormatter,172,34,7,,
org.apache.commons.cli.HelpFormatter,193,28,77,,
org.apache.commons.cli.HelpFormatter,122,31,3003,TIMED_OUT,
org.apache.commons.cli.HelpFormatter,105,13,3009,TIMED_OUT,
org.apache.commons.cli.HelpFormatter,80,13,16,,
org.apache.commons.cli.HelpFormatter,192,27,91,,
org.apache.commons.cli.HelpFormatter,116,43,6,,
org.apache.commons.cli.HelpFormatter,99,29,25,,
org.apache.commons.cli.HelpFormatter,121,30,11,,
org.apache.commons.cli.HelpFormatter,56,30,36,,
org.apache.commons.cli.HelpFormatter,176,33,34,,
org.apache.commons.cli.HelpFormatter,136,32,40,,
org.apache.commons.cli.HelpFormatter,130,34,129,,
org.apache.commons.cli.HelpFormatter,137,33,38,,
org.apache.commons.cli.HelpFormatter,150,49,110,,
org.apache.commons.cli.HelpFormatter,181,51,33,,
org.apache.commons.cli.HelpFormatter,70,32,6,,
org.apache.commons.cli.HelpFormatter,113,34,5,,
org.apache.commons.cli.HelpFormatter,60,36,4,,
org.apache.commons.cli.HelpFormatter,110,36,96,,
org.apache.commons.cli.Option$Builder,317,30,3,,
org.apache.commons.cli.Option$Builder,309,34,366,,
org.apache.commons.cli.Option$Builder,318,32,22,,
org.apache.commons.cli.Option$Builder,303,32,10,,
org.apache.commons.cli.Option$Builder,302,33,19,,
org.apache.commons.cli.Option$Builder,322,31,21,,
org.apache.commons.cli.Option$Builder,308,31,292,,
org.apache.commons.cli.Option$Builder,320,35,386,,
org.apache.commons.cli.Option$Builder,316,35,34,,
org.apache.commons.cli.Option$Builder,305,36,16,,
org.apache.commons.cli.Option$Builder,314,35,27,,
org.apache.commons.cli.Option$Builder,301,36,302,,
org.apache.commons.cli.Option$Builder,311,32,147,,
org.apache.commons.cli.Option$Builder,323,33,83,,
org.apache.commons.cli.Option$Builder,300,33,268,,
org.apache.commons.cli.Option$Builder,299,35,14,,
org.apache.commons.cli.Option$Builder,313,35,308,,
org.apache.commons.cli.Option$Builder,315,35,34,,
org.apache.commons.cli.Option$Builder,307,39,272,,
org.apache.commons.cli.Option$Builder,310,37,2,,
org.apache.commons.cli.Option$Builder,319,33,3,,
org.apache.commons.cli.Option$Builder,304,34,20,,
org.apache.commons.cli.Option$Builder,306,33,23,,
org.apache.commons.cli.Option$Builder,324,36,98,,
org.apache.commons.cli.Option$Builder,321,34,393,,
org.apache.commons.cli.Option$Builder,312,40,21,,
org.apache.commons.cli.AmbiguousOptionException,799,28,14,,
org.apache.commons.cli.AmbiguousOptionException,800,32,15,,
org.apache.commons.cli.AmbiguousOptionException,798,36,15,,
org.apache.commons.cli.AmbiguousOptionException,797,37,15,,
org.apache.commons.cli.DeprecatedAttributes$Builder,855,30,10,,
org.apache.commons.cli.DeprecatedAttributes$Builder,854,32,12,,
org.apache.commons.cli.DeprecatedAttributes$Builder,856,32,10,,
org.apache.commons.cli.DeprecatedAttributes$Builder,857,52,10,,
org.apache.commons.cli.Converter,830,35,31,,
org.apache.commons.cli.Converter,831,37,7,,
org.apache.commons.cli.Converter,829,37,18,,
org.apache.commons.cli.Converter,827,35,4,,
org.apache.commons.cli.Converter,828,36,1,,
org.apache.commons.cli.Converter,832,35,11,,
org.apache.commons.cli.DefaultParser$Builder,327,33,162,,
org.apache.commons.cli.DefaultParser$Builder,328,33,14,,
org.apache.commons.cli.DefaultParser$Builder,326,32,1,,
org.apache.commons.cli.DefaultParser$Builder,325,32,253,,
org.apache.commons.cli.OptionGroup,842,31,301,,
org.apache.commons.cli.OptionGroup,848,46,318,,
org.apache.commons.cli.OptionGroup,849,39,13,,
org.apache.commons.cli.OptionGroup,852,35,13,,
org.apache.commons.cli.OptionGroup,840,50,339,,
org.apache.commons.cli.OptionGroup,851,37,10,,
org.apache.commons.cli.OptionGroup,838,42,192,,
org.apache.commons.cli.OptionGroup,844,40,255,,
org.apache.commons.cli.OptionGroup,843,38,235,,
org.apache.commons.cli.OptionGroup,845,37,184,,
org.apache.commons.cli.OptionGroup,841,32,179,,
org.apache.commons.cli.OptionGroup,839,52,1,,
org.apache.commons.cli.OptionGroup,853,36,8,,
org.apache.commons.cli.OptionGroup,850,33,7,,
org.apache.commons.cli.OptionGroup,846,28,169,,
org.apache.commons.cli.OptionGroup,847,32,2,,
org.apache.commons.cli.CommandLine$Builder,804,30,3,,
org.apache.commons.cli.CommandLine$Builder,801,28,3,,
org.apache.commons.cli.CommandLine$Builder,805,28,546,,
org.apache.commons.cli.CommandLine$Builder,807,29,316,,
org.apache.commons.cli.CommandLine$Builder,802,54,3,,
org.apache.commons.cli.CommandLine$Builder,806,28,18,,
org.apache.commons.cli.CommandLine$Builder,803,29,2,,
org.apache.commons.cli.UnrecognizedOptionException,796,27,25,,
org.apache.commons.cli.HelpFormatter$Builder,878,27,2,,
org.apache.commons.cli.HelpFormatter$Builder,874,29,6,,
org.apache.commons.cli.HelpFormatter$Builder,876,31,2,,
org.apache.commons.cli.HelpFormatter$Builder,879,30,2,,
org.apache.commons.cli.HelpFormatter$Builder,877,30,2,,
org.apache.commons.cli.HelpFormatter$Builder,875,30,5,,
org.apache.commons.cli.HelpFormatter$Builder,880,31,2,,
org.apache.commons.cli.Option,583,31,18,,
org.apache.commons.cli.Option,626,31,544,,
org.apache.commons.cli.Option,587,34,538,,
org.apache.commons.cli.Option,615,39,535,,
org.apache.commons.cli.Option,577,34,236,,
org.apache.commons.cli.Option,568,35,290,,
org.apache.commons.cli.Option,625,35,425,,
org.apache.commons.cli.Option,594,33,2,,
org.apache.commons.cli.Option,578,33,431,,
org.apache.commons.cli.Option,571,47,244,,
org.apache.commons.cli.Option,635,32,312,,
org.apache.commons.cli.Option,629,32,25,,
org.apache.commons.cli.Option,574,34,0,,
org.apache.commons.cli.Option,648,34,149,,
org.apache.commons.cli.Option,598,34,0,,
org.apache.commons.cli.Option,627,34,529,,
org.apache.commons.cli.Option,573,34,230,,
org.apache.commons.cli.Option,613,35,135,,
org.apache.commons.cli.Option,575,33,255,,
org.apache.commons.cli.Option,631,37,23,,
org.apache.commons.cli.Option,620,32,277,,
org.apache.commons.cli.Option,619,30,28,,
org.apache.commons.cli.Option,639,32,6,,
org.apache.commons.cli.Option,600,32,180,,
org.apache.commons.cli.Option,589,43,522,,
org.apache.commons.cli.Option,628,46,291,,
org.apache.commons.cli.Option,633,35,3013,TIMED_OUT,
org.apache.commons.cli.Option,606,12,521,,
org.apache.commons.cli.Option,632,30,33,,
org.apache.commons.cli.Option,644,30,37,,
org.apache.commons.cli.Option,567,29,6,,
org.apache.commons.cli.Option,612,30,254,,
org.apache.commons.cli.Option,566,34,658,,
org.apache.commons.cli.Option,595,32,3,,
org.apache.commons.cli.Option,590,30,717,,
org.apache.commons.cli.Option,564,38,543,,
org.apache.commons.cli.Option,651,36,171,,
org.apache.commons.cli.Option,641,37,169,,
org.apache.commons.cli.Option,617,48,291,,
org.apache.commons.cli.Option,607,37,1,,
org.apache.commons.cli.Option,576,37,255,,
org.apache.commons.cli.Option,581,48,32,,
org.apache.commons.cli.Option,618,37,41,,
org.apache.commons.cli.Option,559,39,583,,
org.apache.commons.cli.Option,560,42,6,,
org.apache.commons.cli.Option,638,41,2,,
org.apache.commons.cli.Option,593,40,2,,
org.apache.commons.cli.Option,630,39,33,,
org.apache.commons.cli.Option,623,38,4,,
org.apache.commons.cli.Option,596,37,2,,
org.apache.commons.cli.Option,643,38,1,,
org.apache.commons.cli.Option,603,36,807,,
org.apache.commons.cli.Option,611,43,226,,
org.apache.commons.cli.Option,646,38,24,,
org.apache.commons.cli.Option,647,35,155,,
org.apache.commons.cli.Option,616,33,249,,
org.apache.commons.cli.Option,586,53,1,,
org.apache.commons.cli.Option,605,35,605,,
org.apache.commons.cli.Option,637,31,2,,
org.apache.commons.cli.Option,588,32,548,,
org.apache.commons.cli.Option,609,41,1,,
org.apache.commons.cli.Option,621,46,304,,
org.apache.commons.cli.Option,562,35,372,,
org.apache.commons.cli.Option,610,34,137,,
org.apache.commons.cli.Option,592,35,4,,
org.apache.commons.cli.Option,585,36,39,,
org.apache.commons.cli.Option,634,37,299,,
org.apache.commons.cli.Option,642,30,91,,
org.apache.commons.cli.Option,602,32,314,,
org.apache.commons.cli.Option,569,34,147,,
org.apache.commons.cli.Option,561,32,378,,
org.apache.commons.cli.Option,622,32,297,,
org.apache.commons.cli.Option,604,32,507,,
org.apache.commons.cli.Option,591,35,2,,
org.apache.commons.cli.Option,640,35,6,,
org.apache.commons.cli.Option,649,34,160,,
org.apache.commons.cli.Option,572,58,440,,
org.apache.commons.cli.Option,579,34,396,,
org.apache.commons.cli.Option,645,34,30,,
org.apache.commons.cli.Option,584,36,4,,
org.apache.commons.cli.Option,624,34,524,,
org.apache.commons.cli.Option,636,48,7,,
org.apache.commons.cli.Option,582,34,16,,
org.apache.commons.cli.Option,599,32,29,,
org.apache.commons.cli.Option,570,33,177,,
org.apache.commons.cli.Option,608,34,1,,
org.apache.commons.cli.Option,563,34,366,,
org.apache.commons.cli.Option,580,33,9,,
org.apache.commons.cli.Option,565,36,468,,
org.apache.commons.cli.Option,597,42,1,,
org.apache.commons.cli.Option,601,37,217,,
org.apache.commons.cli.Option,650,50,143,,
org.apache.commons.cli.Option,614,32,540,,
org.apache.commons.cli.AlreadySelectedException,825,26,2,,
org.apache.commons.cli.MissingOptionException,837,26,14,,
org.apache.commons.cli.MissingOptionException,836,31,23,,
org.apache.commons.cli.MissingOptionException,834,28,20,,
org.apache.commons.cli.MissingOptionException,835,28,20,,
org.apache.commons.cli.MissingOptionException,833,30,21,,
org.apache.commons.cli.Parser,719,30,217,,
org.apache.commons.cli.Parser,736,30,12,,
org.apache.commons.cli.Parser,686,30,219,,
org.apache.commons.cli.Parser,693,33,29,,
org.apache.commons.cli.Parser,707,32,238,,
org.apache.commons.cli.Parser,740,31,403,,
org.apache.commons.cli.Parser,711,57,141,,
org.apache.commons.cli.Parser,683,31,341,,
org.apache.commons.cli.Parser,702,55,26,,
org.apache.commons.cli.Parser,688,31,534,,
org.apache.commons.cli.Parser,735,60,11,,
org.apache.commons.cli.Parser,732,34,23,,
org.apache.commons.cli.Parser,691,33,404,,
org.apache.commons.cli.Parser,709,58,451,,
org.apache.commons.cli.Parser,692,60,209,,
org.apache.commons.cli.Parser,708,31,295,,
org.apache.commons.cli.Parser,684,33,177,,
org.apache.commons.cli.Parser,710,60,30,,
org.apache.commons.cli.Parser,690,32,3,,
org.apache.commons.cli.Parser,696,31,40,,
org.apache.commons.cli.Parser,715,36,24,,
org.apache.commons.cli.Parser,725,35,18,,
org.apache.commons.cli.Parser,704,32,355,,
org.apache.commons.cli.Parser,687,60,271,,
org.apache.commons.cli.Parser,733,66,18,,
org.apache.commons.cli.Parser,726,30,16,,
org.apache.commons.cli.Parser,689,31,3,,
org.apache.commons.cli.Parser,712,31,76,,
org.apache.commons.cli.Parser,731,38,4,,
org.apache.commons.cli.Parser,722,31,9,,
org.apache.commons.cli.Parser,724,30,3,,
org.apache.commons.cli.Parser,720,31,144,,
org.apache.commons.cli.Parser,717,31,284,,
org.apache.commons.cli.Parser,695,60,372,,
org.apache.commons.cli.Parser,739,67,17,,
org.apache.commons.cli.Parser,694,32,8,,
org.apache.commons.cli.Parser,706,31,20,,
org.apache.commons.cli.Parser,718,31,261,,
org.apache.commons.cli.Parser,681,61,354,,
org.apache.commons.cli.Parser,730,68,21,,
org.apache.commons.cli.Parser,714,32,139,,
org.apache.commons.cli.Parser,700,34,226,,
org.apache.commons.cli.Parser,729,36,211,,
org.apache.commons.cli.Parser,738,34,16,,
org.apache.commons.cli.Parser,716,35,141,,
org.apache.commons.cli.Parser,682,33,226,,
org.apache.commons.cli.Parser,698,34,199,,
org.apache.commons.cli.Parser,728,37,24,,
org.apache.commons.cli.Parser,703,32,210,,
org.apache.commons.cli.Parser,701,35,26,,
org.apache.commons.cli.Parser,721,35,325,,
org.apache.commons.cli.Parser,734,63,17,,
org.apache.commons.cli.Parser,685,32,27,,
org.apache.commons.cli.Parser,697,33,39,,
org.apache.commons.cli.Parser,727,33,30,,
org.apache.commons.cli.Parser,723,33,10,,
org.apache.commons.cli.Parser,705,36,312,,
org.apache.commons.cli.Parser,737,60,206,,
org.apache.commons.cli.Parser,699,35,28,,
org.apache.commons.cli.Parser,713,35,136,,
org.apache.commons.cli.BasicParser,808,29,43,,
org.apache.commons.cli.Options,508,30,2,,
org.apache.commons.cli.Options,510,31,63,,
org.apache.commons.cli.Options,520,30,1,,
org.apache.commons.cli.Options,533,32,223,,
org.apache.commons.cli.Options,529,29,19,,
org.apache.commons.cli.Options,534,30,173,,
org.apache.commons.cli.Options,539,32,0,,
org.apache.commons.cli.Options,530,32,446,,
org.apache.commons.cli.Options,516,32,152,,
org.apache.commons.cli.Options,528,43,447,,
org.apache.commons.cli.Options,513,33,39,,
org.apache.commons.cli.Options,517,32,167,,
org.apache.commons.cli.Options,536,36,128,,
org.apache.commons.cli.Options,522,36,145,,
org.apache.commons.cli.Options,524,36,67,,
org.apache.commons.cli.Options,526,35,426,,
org.apache.commons.cli.Options,525,35,432,,
org.apache.commons.cli.Options,509,33,300,,
org.apache.commons.cli.Options,514,36,465,,
org.apache.commons.cli.Options,512,34,484,,
org.apache.commons.cli.Options,519,34,1,,
org.apache.commons.cli.Options,521,33,209,,
org.apache.commons.cli.Options,531,36,116,,
org.apache.commons.cli.Options,527,46,455,,
org.apache.commons.cli.Options,518,35,3,,
org.apache.commons.cli.Options,511,34,502,,
org.apache.commons.cli.Options,515,31,167,,
org.apache.commons.cli.Options,538,48,286,,
org.apache.commons.cli.Options,532,32,111,,
org.apache.commons.cli.Options,535,38,236,,
org.apache.commons.cli.Options,523,34,58,,
org.apache.commons.cli.Options,537,34,128,,
org.apache.commons.cli.GnuParser,810,32,4,,
org.apache.commons.cli.GnuParser,811,32,15,,
org.apache.commons.cli.GnuParser,813,33,5,,
org.apache.commons.cli.GnuParser,815,34,5,,
org.apache.commons.cli.GnuParser,824,32,20,,
org.apache.commons.cli.GnuParser,812,32,52,,
org.apache.commons.cli.GnuParser,823,36,50,,
org.apache.commons.cli.GnuParser,820,33,50,,
org.apache.commons.cli.GnuParser,814,33,6,,
org.apache.commons.cli.GnuParser,809,34,10,,
org.apache.commons.cli.GnuParser,822,33,49,,
org.apache.commons.cli.GnuParser,816,33,57,,
org.apache.commons.cli.GnuParser,817,36,56,,
org.apache.commons.cli.GnuParser,819,36,48,,
org.apache.commons.cli.GnuParser,821,31,48,,
org.apache.commons.cli.GnuParser,818,33,53,,
org.apache.commons.cli.HelpFormatter$OptionComparator,741,28,13,,
org.apache.commons.cli.CommandLine,204,31,438,,
org.apache.commons.cli.CommandLine,262,39,18,,
org.apache.commons.cli.CommandLine,246,34,4,,
org.apache.commons.cli.CommandLine,240,52,278,,
org.apache.commons.cli.CommandLine,288,36,19,,
org.apache.commons.cli.CommandLine,291,37,6,,
org.apache.commons.cli.CommandLine,271,36,249,,
org.apache.commons.cli.CommandLine,233,39,41,,
org.apache.commons.cli.CommandLine,294,38,7,,
org.apache.commons.cli.CommandLine,290,36,7,,
org.apache.commons.cli.CommandLine,222,37,223,,
org.apache.commons.cli.CommandLine,239,57,43,,
org.apache.commons.cli.CommandLine,219,37,53,,
org.apache.commons.cli.CommandLine,231,41,46,,
org.apache.commons.cli.CommandLine,277,58,21,,
org.apache.commons.cli.CommandLine,241,42,338,,
org.apache.commons.cli.CommandLine,267,37,113,,
org.apache.commons.cli.CommandLine,206,41,75,,
org.apache.commons.cli.CommandLine,254,38,21,,
org.apache.commons.cli.CommandLine,251,37,20,,
org.apache.commons.cli.CommandLine,264,38,21,,
org.apache.commons.cli.CommandLine,268,35,75,,
org.apache.commons.cli.CommandLine,258,36,17,,
org.apache.commons.cli.CommandLine,280,38,70,,
org.apache.commons.cli.CommandLine,227,41,43,,
org.apache.commons.cli.CommandLine,232,35,38,,
org.apache.commons.cli.CommandLine,218,33,1,,
org.apache.commons.cli.CommandLine,234,34,51,,
org.apache.commons.cli.CommandLine,298,41,416,,
org.apache.commons.cli.CommandLine,274,34,26,,
org.apache.commons.cli.CommandLine,284,33,32,,
org.apache.commons.cli.CommandLine,203,35,458,,
org.apache.commons.cli.CommandLine,250,34,24,,
org.apache.commons.cli.CommandLine,259,34,27,,
org.apache.commons.cli.CommandLine,287,35,18,,
org.apache.commons.cli.CommandLine,215,36,5,,
org.apache.commons.cli.CommandLine,247,34,19,,
org.apache.commons.cli.CommandLine,265,34,19,,
org.apache.commons.cli.CommandLine,229,36,46,,
org.apache.commons.cli.CommandLine,223,36,44,,
org.apache.commons.cli.CommandLine,263,37,21,,
org.apache.commons.cli.CommandLine,276,37,290,,
org.apache.commons.cli.CommandLine,286,34,41,,
org.apache.commons.cli.CommandLine,217,34,1,,
org.apache.commons.cli.CommandLine,260,33,19,,
org.apache.commons.cli.CommandLine,282,35,0,,
org.apache.commons.cli.CommandLine,283,36,35,,
org.apache.commons.cli.CommandLine,296,41,294,,
org.apache.commons.cli.CommandLine,243,36,51,,
org.apache.commons.cli.CommandLine,242,34,295,,
org.apache.commons.cli.CommandLine,272,33,271,,
org.apache.commons.cli.CommandLine,270,36,229,,
org.apache.commons.cli.CommandLine,255,37,20,,
org.apache.commons.cli.CommandLine,228,37,40,,
org.apache.commons.cli.CommandLine,208,35,51,,
org.apache.commons.cli.CommandLine,253,36,23,,
org.apache.commons.cli.CommandLine,225,35,241,,
org.apache.commons.cli.CommandLine,297,37,349,,
org.apache.commons.cli.CommandLine,207,35,83,,
org.apache.commons.cli.CommandLine,279,37,62,,
org.apache.commons.cli.CommandLine,238,42,302,,
org.apache.commons.cli.CommandLine,269,37,60,,
org.apache.commons.cli.CommandLine,212,36,5,,
org.apache.commons.cli.CommandLine,293,36,6,,
org.apache.commons.cli.CommandLine,210,34,3,,
org.apache.commons.cli.CommandLine,244,36,56,,
org.apache.commons.cli.CommandLine,261,37,20,,
org.apache.commons.cli.CommandLine,205,37,66,,
org.apache.commons.cli.CommandLine,257,39,15,,
org.apache.commons.cli.CommandLine,281,34,57,,
org.apache.commons.cli.CommandLine,275,37,281,,
org.apache.commons.cli.CommandLine,292,38,6,,
org.apache.commons.cli.CommandLine,236,36,101,,
org.apache.commons.cli.CommandLine,213,36,1,,
org.apache.commons.cli.CommandLine,266,38,61,,
org.apache.commons.cli.CommandLine,289,40,6,,
org.apache.commons.cli.CommandLine,230,36,37,,
org.apache.commons.cli.CommandLine,211,38,5,,
org.apache.commons.cli.CommandLine,221,38,44,,
org.apache.commons.cli.CommandLine,285,38,42,,
org.apache.commons.cli.CommandLine,235,39,25,,
org.apache.commons.cli.CommandLine,224,39,37,,
org.apache.commons.cli.CommandLine,278,54,57,,
org.apache.commons.cli.CommandLine,248,36,20,,
org.apache.commons.cli.CommandLine,249,37,20,,
org.apache.commons.cli.CommandLine,295,38,386,,
org.apache.commons.cli.CommandLine,256,38,24,,
org.apache.commons.cli.CommandLine,237,38,295,,
org.apache.commons.cli.CommandLine,273,36,243,,
org.apache.commons.cli.CommandLine,209,38,2,,
org.apache.commons.cli.CommandLine,252,33,16,,
org.apache.commons.cli.CommandLine,220,32,34,,
org.apache.commons.cli.CommandLine,216,32,1,,
org.apache.commons.cli.CommandLine,214,33,5,,
org.apache.commons.cli.CommandLine,226,35,261,,
org.apache.commons.cli.CommandLine,245,38,61,,
org.apache.commons.cli.CommandLine,202,35,115,,
org.apache.commons.cli.PatternOptionBuilder,789,34,8,,
org.apache.commons.cli.PatternOptionBuilder,766,31,1,,
org.apache.commons.cli.PatternOptionBuilder,792,31,6,,
org.apache.commons.cli.PatternOptionBuilder,785,32,5,,
org.apache.commons.cli.PatternOptionBuilder,779,30,6,,
org.apache.commons.cli.PatternOptionBuilder,771,31,1,,
org.apache.commons.cli.PatternOptionBuilder,793,31,5,,
org.apache.commons.cli.PatternOptionBuilder,781,30,6,,
org.apache.commons.cli.PatternOptionBuilder,769,32,1,,
org.apache.commons.cli.PatternOptionBuilder,776,32,6,,
org.apache.commons.cli.PatternOptionBuilder,784,33,6,,
org.apache.commons.cli.PatternOptionBuilder,788,33,6,,
org.apache.commons.cli.PatternOptionBuilder,780,34,7,,
org.apache.commons.cli.PatternOptionBuilder,778,32,6,,
org.apache.commons.cli.PatternOptionBuilder,787,31,6,,
org.apache.commons.cli.PatternOptionBuilder,790,31,6,,
org.apache.commons.cli.PatternOptionBuilder,774,31,1,,
org.apache.commons.cli.PatternOptionBuilder,782,30,6,,
org.apache.commons.cli.PatternOptionBuilder,772,32,1,,
org.apache.commons.cli.PatternOptionBuilder,783,33,6,,
org.apache.commons.cli.PatternOptionBuilder,795,34,5,,
org.apache.commons.cli.PatternOptionBuilder,791,31,6,,
org.apache.commons.cli.PatternOptionBuilder,775,31,5,,
org.apache.commons.cli.PatternOptionBuilder,770,32,1,,
org.apache.commons.cli.PatternOptionBuilder,786,30,6,,
org.apache.commons.cli.PatternOptionBuilder,768,32,2,,
org.apache.commons.cli.PatternOptionBuilder,767,31,2,,
org.apache.commons.cli.PatternOptionBuilder,773,31,1,,
org.apache.commons.cli.PatternOptionBuilder,777,31,5,,
org.apache.commons.cli.PatternOptionBuilder,794,33,4,,
org.apache.commons.cli.ParseException,505,28,0,,
org.apache.commons.cli.ParseException,504,30,35,,
org.apache.commons.cli.ParseException,506,32,31,,
org.apache.commons.cli.ParseException,507,31,32,,
org.apache.commons.cli.DeprecatedAttributes,51,34,78,,
org.apache.commons.cli.DeprecatedAttributes,50,35,86,,
org.apache.commons.cli.DeprecatedAttributes,45,35,2,,
org.apache.commons.cli.DeprecatedAttributes,46,35,2,,
org.apache.commons.cli.DeprecatedAttributes,49,32,77,,
org.apache.commons.cli.DeprecatedAttributes,44,35,3,,
org.apache.commons.cli.DeprecatedAttributes,43,34,6,,
org.apache.commons.cli.DeprecatedAttributes,48,33,75,,
org.apache.commons.cli.DeprecatedAttributes,47,34,2,,
org.apache.commons.cli.AlreadySelectedException,826,32,2,,
Group Runtime,,52959,,,323
Total Runtime,,30676,129190,14,881
Complete Runtime,,188,,,
