delight.nashornsandbox.exceptions.ScriptAbuseException,0,3,1299,,
delight.nashornsandbox.exceptions.ScriptAbuseException,1,23,549,,
delight.nashornsandbox.exceptions.ScriptAbuseException,2,25,3343,,
delight.nashornsandbox.exceptions.ScriptAbuseException,3,32,2604,,
delight.nashornsandbox.NashornSandboxes,4,33,278,,
delight.nashornsandbox.internal.JsSanitizer$1,8,35,6882,,
delight.nashornsandbox.internal.ThreadMonitor,50,37,654,,
delight.nashornsandbox.internal.ThreadMonitor,51,43,11881,,
delight.nashornsandbox.internal.ThreadMonitor,57,49,8439,,
delight.nashornsandbox.internal.ThreadMonitor,65,47,5480,,
delight.nashornsandbox.internal.ThreadMonitor,72,42,9548,,
delight.nashornsandbox.internal.ThreadMonitor,91,71,8065,,
delight.nashornsandbox.internal.NashornSandboxImpl,101,50,15689,,
delight.nashornsandbox.internal.NashornSandboxImpl,102,68,3,,
delight.nashornsandbox.internal.NashornSandboxImpl,103,68,1036,,
delight.nashornsandbox.internal.NashornSandboxImpl,105,71,193,,
delight.nashornsandbox.internal.NashornSandboxImpl,107,70,162,,
delight.nashornsandbox.internal.NashornSandboxImpl,108,70,158,,
delight.nashornsandbox.internal.NashornSandboxImpl,109,70,158,,
delight.nashornsandbox.internal.NashornSandboxImpl,111,72,25996,,
delight.nashornsandbox.internal.NashornSandboxImpl,117,86,281,,
delight.nashornsandbox.internal.NashornSandboxImpl,118,81,58,,
delight.nashornsandbox.internal.NashornSandboxImpl,119,81,14,,
delight.nashornsandbox.internal.NashornSandboxImpl,122,84,266,,
delight.nashornsandbox.internal.NashornSandboxImpl,127,83,1485,,
delight.nashornsandbox.internal.NashornSandboxImpl,131,84,24809,,
delight.nashornsandbox.internal.NashornSandboxImpl,132,89,13793,,
delight.nashornsandbox.internal.NashornSandboxImpl,133,52,17783,,
delight.nashornsandbox.internal.NashornSandboxImpl,162,78,309,,
delight.nashornsandbox.internal.NashornSandboxImpl,166,81,400,,
delight.nashornsandbox.internal.NashornSandboxImpl,167,80,289,,
delight.nashornsandbox.internal.NashornSandboxImpl,175,82,25569,,
delight.nashornsandbox.internal.NashornSandboxImpl,186,105,17756,,
delight.nashornsandbox.internal.NashornDetection,189,77,13,,
delight.nashornsandbox.internal.NashornDetection,190,77,20,,
delight.nashornsandbox.internal.NashornDetection,192,79,21,,
delight.nashornsandbox.internal.NashornDetection,193,82,33,,
delight.nashornsandbox.internal.NashornDetection,194,77,14,,
delight.nashornsandbox.internal.NashornDetection,195,78,14,,
delight.nashornsandbox.internal.NashornDetection,196,78,14,,
delight.nashornsandbox.internal.NashornDetection,198,79,8294,,
delight.nashornsandbox.internal.NashornDetection,199,91,8562,,
delight.nashornsandbox.internal.JsSanitizer,200,49,151,,
delight.nashornsandbox.internal.JsSanitizer,201,54,2,,
delight.nashornsandbox.internal.JsSanitizer,202,52,8303,,
delight.nashornsandbox.internal.JsSanitizer,203,58,8374,,
delight.nashornsandbox.internal.JsSanitizer,208,66,27133,,
delight.nashornsandbox.internal.JsSanitizer,209,104,372,,
delight.nashornsandbox.internal.JsSanitizer,210,102,156,,
delight.nashornsandbox.internal.JsSanitizer,211,101,12347,,
delight.nashornsandbox.internal.JsSanitizer,213,61,8140,,
delight.nashornsandbox.internal.JsSanitizer,214,55,16416,,
delight.nashornsandbox.internal.JsSanitizer,215,98,16965,,
delight.nashornsandbox.internal.JsSanitizer,218,88,6521,,
delight.nashornsandbox.internal.JsSanitizer,219,91,14618,,
delight.nashornsandbox.internal.JsSanitizer,220,81,3469,,
delight.nashornsandbox.internal.JsSanitizer,221,66,1968,,
delight.nashornsandbox.internal.JsSanitizer,222,76,12718,,
delight.nashornsandbox.internal.JsSanitizer,224,82,5785,,
delight.nashornsandbox.internal.JsSanitizer,225,92,11673,,
delight.nashornsandbox.internal.NashornDetection$StandaloneNashornClassFilterCreator,228,80,56,,
delight.nashornsandbox.internal.LinkedHashMapSecuredJsCache,229,75,1583,,
delight.nashornsandbox.internal.LinkedHashMapSecuredJsCache,230,76,1839,,
delight.nashornsandbox.internal.RemoveComments,231,75,0,,
delight.nashornsandbox.internal.RemoveComments,232,76,0,,
delight.nashornsandbox.internal.RemoveComments,233,77,0,,
delight.nashornsandbox.internal.RemoveComments,234,77,0,,
delight.nashornsandbox.internal.RemoveComments,235,77,0,,
delight.nashornsandbox.internal.RemoveComments,236,77,0,,
delight.nashornsandbox.internal.RemoveComments,237,77,0,,
delight.nashornsandbox.internal.RemoveComments,238,85,0,,
delight.nashornsandbox.internal.RemoveComments,239,93,0,,
delight.nashornsandbox.internal.RemoveComments,240,79,0,,
delight.nashornsandbox.internal.RemoveComments,241,77,0,,
delight.nashornsandbox.internal.RemoveComments,242,77,0,,
delight.nashornsandbox.internal.RemoveComments,243,77,0,,
delight.nashornsandbox.internal.RemoveComments,244,77,0,,
delight.nashornsandbox.internal.RemoveComments,245,78,0,,
delight.nashornsandbox.internal.RemoveComments,246,77,0,,
delight.nashornsandbox.internal.RemoveComments,247,77,0,,
delight.nashornsandbox.internal.SandboxClassFilter,250,76,523,,
delight.nashornsandbox.internal.SandboxClassFilter,251,78,514,,
delight.nashornsandbox.internal.SandboxClassFilter,252,77,646,,
delight.nashornsandbox.internal.SandboxClassFilter,253,77,806,,
delight.nashornsandbox.internal.EvaluateOperation,256,59,15961,,
delight.nashornsandbox.internal.EvaluateOperation,257,88,7737,,
delight.nashornsandbox.internal.EvaluateOperation,258,97,12227,,
delight.nashornsandbox.internal.EvaluateOperation,259,61,1093,,
delight.nashornsandbox.internal.EvaluateOperation,260,64,7140,,
delight.nashornsandbox.internal.EvaluateCompiledOperation,261,52,866,,
delight.nashornsandbox.internal.EvaluateCompiledOperation,262,56,148,,
delight.nashornsandbox.internal.EvaluateCompiledOperation,263,56,596,,
delight.nashornsandbox.internal.EvaluateCompiledOperation,264,65,152,,
delight.nashornsandbox.internal.EvaluateCompiledOperation,265,57,458,,
delight.nashornsandbox.internal.JsSanitizer$1,6,56,6317,,
delight.nashornsandbox.internal.JsSanitizer$1,7,66,6445,,
delight.nashornsandbox.internal.JsEvaluator,9,68,19642,,
delight.nashornsandbox.internal.JsEvaluator,10,79,10018,,
delight.nashornsandbox.internal.JsEvaluator,11,110,14169,,
delight.nashornsandbox.internal.JsEvaluator,12,149,11492,,
delight.nashornsandbox.internal.JsEvaluator,13,59,11366,,
delight.nashornsandbox.internal.JsEvaluator,14,85,3579,,
delight.nashornsandbox.internal.JsEvaluator,15,91,8365,,
delight.nashornsandbox.internal.JsEvaluator,16,99,8733,,
delight.nashornsandbox.internal.JsEvaluator,17,59,8761,,
delight.nashornsandbox.internal.JsEvaluator,18,88,7526,,
delight.nashornsandbox.internal.JsEvaluator,19,98,19100,,
delight.nashornsandbox.internal.JsEvaluator,20,105,3225,TIMED_OUT,
delight.nashornsandbox.internal.JsEvaluator,21,3,25153,,
delight.nashornsandbox.internal.InvokeOperation,22,3,1338,,
delight.nashornsandbox.internal.NashornSandboxImpl$1,23,28,1819,,
delight.nashornsandbox.internal.ThreadMonitor,24,29,10402,,
delight.nashornsandbox.internal.ThreadMonitor,25,39,9527,,
delight.nashornsandbox.internal.ThreadMonitor,26,44,19898,,
delight.nashornsandbox.internal.ThreadMonitor,27,109,4938,TIMED_OUT,
delight.nashornsandbox.internal.ThreadMonitor,28,4,23413,,
delight.nashornsandbox.internal.ThreadMonitor,29,63,19731,,
delight.nashornsandbox.internal.ThreadMonitor,30,72,19610,,
delight.nashornsandbox.internal.ThreadMonitor,31,64,4719,TIMED_OUT,
delight.nashornsandbox.internal.ThreadMonitor,32,4,6950,TIMED_OUT,
delight.nashornsandbox.internal.ThreadMonitor,33,4,23619,,
delight.nashornsandbox.internal.ThreadMonitor,34,65,4808,TIMED_OUT,
delight.nashornsandbox.internal.ThreadMonitor,35,4,10200,,
delight.nashornsandbox.internal.ThreadMonitor,36,57,12990,,
delight.nashornsandbox.internal.ThreadMonitor,37,43,3983,,
delight.nashornsandbox.internal.ThreadMonitor,38,41,4255,TIMED_OUT,
delight.nashornsandbox.internal.ThreadMonitor,39,4,6743,,
delight.nashornsandbox.internal.ThreadMonitor,40,36,8260,,
delight.nashornsandbox.internal.ThreadMonitor,41,40,8152,,
delight.nashornsandbox.internal.ThreadMonitor,42,41,7858,,
delight.nashornsandbox.internal.ThreadMonitor,43,42,19818,,
delight.nashornsandbox.internal.ThreadMonitor,44,85,5371,TIMED_OUT,
delight.nashornsandbox.internal.ThreadMonitor,45,4,7600,TIMED_OUT,
delight.nashornsandbox.internal.ThreadMonitor,46,4,23823,,
delight.nashornsandbox.internal.ThreadMonitor,47,67,8557,TIMED_OUT,
delight.nashornsandbox.internal.ThreadMonitor,48,4,18612,,
delight.nashornsandbox.internal.ThreadMonitor,49,68,11736,,
delight.nashornsandbox.internal.ThreadMonitor,52,40,8285,,
delight.nashornsandbox.internal.ThreadMonitor,53,45,7992,,
delight.nashornsandbox.internal.ThreadMonitor,54,42,4752,TIMED_OUT,
delight.nashornsandbox.internal.ThreadMonitor,55,4,23171,,
delight.nashornsandbox.internal.ThreadMonitor,56,68,8630,,
delight.nashornsandbox.internal.ThreadMonitor,58,45,19554,,
delight.nashornsandbox.internal.ThreadMonitor,59,80,8495,,
delight.nashornsandbox.internal.ThreadMonitor,60,41,8380,,
delight.nashornsandbox.internal.ThreadMonitor,61,53,3097,,
delight.nashornsandbox.internal.ThreadMonitor,62,60,15625,,
delight.nashornsandbox.internal.ThreadMonitor,63,74,14868,,
delight.nashornsandbox.internal.ThreadMonitor,64,110,5260,,
delight.nashornsandbox.internal.ThreadMonitor,66,47,8420,TIMED_OUT,
delight.nashornsandbox.internal.ThreadMonitor,67,5,12579,,
delight.nashornsandbox.internal.ThreadMonitor,68,35,1175,,
delight.nashornsandbox.internal.ThreadMonitor,69,36,3167,,
delight.nashornsandbox.internal.ThreadMonitor,70,37,20619,,
delight.nashornsandbox.internal.ThreadMonitor,71,67,9417,TIMED_OUT,
delight.nashornsandbox.internal.ThreadMonitor,73,4,23768,,
delight.nashornsandbox.internal.ThreadMonitor,74,63,19890,,
delight.nashornsandbox.internal.ThreadMonitor,75,70,19489,,
delight.nashornsandbox.internal.ThreadMonitor,76,87,19337,,
delight.nashornsandbox.internal.ThreadMonitor,77,68,19047,,
delight.nashornsandbox.internal.ThreadMonitor,78,64,19398,,
delight.nashornsandbox.internal.ThreadMonitor,79,113,8233,,
delight.nashornsandbox.internal.ThreadMonitor,80,46,9159,,
delight.nashornsandbox.internal.ThreadMonitor,81,78,9837,,
delight.nashornsandbox.internal.ThreadMonitor,82,69,9442,,
delight.nashornsandbox.internal.ThreadMonitor,83,51,3804,,
delight.nashornsandbox.internal.ThreadMonitor,84,62,8510,,
delight.nashornsandbox.internal.ThreadMonitor,85,72,8498,,
delight.nashornsandbox.internal.ThreadMonitor,86,50,8162,,
delight.nashornsandbox.internal.ThreadMonitor,87,61,19250,,
delight.nashornsandbox.internal.ThreadMonitor,88,108,9394,TIMED_OUT,
delight.nashornsandbox.internal.ThreadMonitor,89,4,14212,TIMED_OUT,
delight.nashornsandbox.internal.ThreadMonitor,90,4,11088,TIMED_OUT,
delight.nashornsandbox.internal.ThreadMonitor,92,3,23635,,
delight.nashornsandbox.internal.ThreadMonitor,93,70,17433,TIMED_OUT,
delight.nashornsandbox.internal.ThreadMonitor,94,4,2270,,
delight.nashornsandbox.internal.ThreadMonitor,95,24,25717,,
delight.nashornsandbox.internal.ThreadMonitor,96,4,23677,,
delight.nashornsandbox.internal.ThreadMonitor,97,64,12615,,
delight.nashornsandbox.internal.ThreadMonitor,98,47,19639,,
delight.nashornsandbox.internal.ThreadMonitor,99,72,3002,TIMED_OUT,
delight.nashornsandbox.internal.ThreadMonitor,100,4,6017,TIMED_OUT,
delight.nashornsandbox.internal.NashornSandboxImpl,104,4,19741,,
delight.nashornsandbox.internal.NashornSandboxImpl,106,52,175,,
delight.nashornsandbox.internal.NashornSandboxImpl,110,51,573,RUN_ERROR,
delight.nashornsandbox.internal.NashornSandboxImpl,112,4,3921,,
delight.nashornsandbox.internal.NashornSandboxImpl,113,34,2212,,
delight.nashornsandbox.internal.NashornSandboxImpl,114,35,8826,,
delight.nashornsandbox.internal.NashornSandboxImpl,115,41,846,,
delight.nashornsandbox.internal.NashornSandboxImpl,116,37,992,,
delight.nashornsandbox.internal.NashornSandboxImpl,120,39,1002,RUN_ERROR,
delight.nashornsandbox.internal.NashornSandboxImpl,121,4,2871,,
delight.nashornsandbox.internal.NashornSandboxImpl,123,36,780,,
delight.nashornsandbox.internal.NashornSandboxImpl,124,35,719,,
delight.nashornsandbox.internal.NashornSandboxImpl,125,35,27638,,
delight.nashornsandbox.internal.NashornSandboxImpl,126,65,25480,,
delight.nashornsandbox.internal.NashornSandboxImpl,128,93,25568,,
delight.nashornsandbox.internal.NashornSandboxImpl,129,92,6681,,
delight.nashornsandbox.internal.NashornSandboxImpl,130,98,1102,,
delight.nashornsandbox.internal.NashornSandboxImpl,134,102,15881,,
delight.nashornsandbox.internal.NashornSandboxImpl,135,78,7613,,
delight.nashornsandbox.internal.NashornSandboxImpl,136,108,163,,
delight.nashornsandbox.internal.NashornSandboxImpl,137,107,157,,
delight.nashornsandbox.internal.NashornSandboxImpl,138,124,345,,
delight.nashornsandbox.internal.NashornSandboxImpl,139,106,872,,
delight.nashornsandbox.internal.NashornSandboxImpl,140,107,10398,,
delight.nashornsandbox.internal.NashornSandboxImpl,141,145,8917,TIMED_OUT,
delight.nashornsandbox.internal.NashornSandboxImpl,142,4,12111,TIMED_OUT,
delight.nashornsandbox.internal.NashornSandboxImpl,143,4,9043,,
delight.nashornsandbox.internal.NashornSandboxImpl,144,32,20383,,
delight.nashornsandbox.internal.NashornSandboxImpl,145,105,4239,TIMED_OUT,
delight.nashornsandbox.internal.NashornSandboxImpl,146,4,25005,,
delight.nashornsandbox.internal.NashornSandboxImpl,147,81,45491,MEMORY_ERROR,
delight.nashornsandbox.internal.NashornSandboxImpl,148,10,0,TIMED_OUT,
delight.nashornsandbox.internal.NashornSandboxImpl,149,4,6932,,
delight.nashornsandbox.internal.NashornSandboxImpl,150,37,3573,,
delight.nashornsandbox.internal.NashornSandboxImpl,151,35,643,,
delight.nashornsandbox.internal.NashornSandboxImpl,152,36,8697,,
delight.nashornsandbox.internal.NashornSandboxImpl,153,46,13929,,
delight.nashornsandbox.internal.NashornSandboxImpl,154,82,300,,
delight.nashornsandbox.internal.NashornSandboxImpl,155,74,293,,
delight.nashornsandbox.internal.NashornSandboxImpl,156,71,3742,TIMED_OUT,
delight.nashornsandbox.internal.NashornSandboxImpl,157,4,2308,,
delight.nashornsandbox.internal.NashornSandboxImpl,158,28,572,,
delight.nashornsandbox.internal.NashornSandboxImpl,159,28,2210,,
delight.nashornsandbox.internal.NashornSandboxImpl,160,30,27904,,
delight.nashornsandbox.internal.NashornSandboxImpl,161,70,7974,,
delight.nashornsandbox.internal.NashornSandboxImpl,163,74,423,,
delight.nashornsandbox.internal.NashornSandboxImpl,164,75,390,,
delight.nashornsandbox.internal.NashornSandboxImpl,165,76,271,,
delight.nashornsandbox.internal.NashornSandboxImpl,168,76,288,,
delight.nashornsandbox.internal.NashornSandboxImpl,169,76,26010,,
delight.nashornsandbox.internal.NashornSandboxImpl,170,92,26907,,
delight.nashornsandbox.internal.NashornSandboxImpl,171,80,1468,RUN_ERROR,
delight.nashornsandbox.internal.NashornSandboxImpl,172,4,3875,RUN_ERROR,
delight.nashornsandbox.internal.NashornSandboxImpl,173,4,31436,,
delight.nashornsandbox.internal.NashornSandboxImpl,174,73,26485,,
delight.nashornsandbox.internal.NashornSandboxImpl,176,73,26462,,
delight.nashornsandbox.internal.NashornSandboxImpl,177,97,5809,RUN_ERROR,
delight.nashornsandbox.internal.NashornSandboxImpl,178,4,30894,,
delight.nashornsandbox.internal.NashornSandboxImpl,179,83,26448,,
delight.nashornsandbox.internal.NashornSandboxImpl,180,90,26671,,
delight.nashornsandbox.internal.NashornSandboxImpl,181,78,26170,,
delight.nashornsandbox.internal.NashornSandboxImpl,182,102,25892,,
delight.nashornsandbox.internal.NashornSandboxImpl,183,95,519,RUN_ERROR,
delight.nashornsandbox.internal.NashornSandboxImpl,184,4,0,RUN_ERROR,
delight.nashornsandbox.internal.NashornSandboxImpl,185,5,7205,,
delight.nashornsandbox.internal.NashornSandboxImpl,187,51,7110,,
delight.nashornsandbox.internal.NashornSandboxImpl,188,36,129,,
delight.nashornsandbox.internal.NashornDetection,191,33,27883,,
delight.nashornsandbox.internal.NashornDetection,197,69,26882,,
delight.nashornsandbox.internal.JsSanitizer,204,88,6507,,
delight.nashornsandbox.internal.JsSanitizer,205,92,26330,,
delight.nashornsandbox.internal.JsSanitizer,206,99,8476,,
delight.nashornsandbox.internal.JsSanitizer,207,46,8027,,
delight.nashornsandbox.internal.JsSanitizer,212,52,8249,,
delight.nashornsandbox.internal.JsSanitizer,216,59,2009,,
delight.nashornsandbox.internal.JsSanitizer,217,61,6441,,
delight.nashornsandbox.internal.JsSanitizer,223,72,16780,,
delight.nashornsandbox.internal.JsSanitizer,226,65,26993,,
delight.nashornsandbox.internal.InterruptTest,227,95,8588,,
delight.nashornsandbox.internal.StandaloneNashornClassFilter,248,123,10818,,
delight.nashornsandbox.internal.StandaloneNashornClassFilter,249,56,0,RUN_ERROR,
delight.nashornsandbox.internal.SandboxClassFilter,254,3,14545,,
delight.nashornsandbox.internal.SandboxClassFilter,255,36,0,RUN_ERROR,
Total Runtime,,16018,2328512,33,265
Complete Runtime,,2410,,,
