delight.nashornsandbox.internal.JsSanitizer,224,4,10140,,
delight.nashornsandbox.internal.JsSanitizer,211,36,14276,,
delight.nashornsandbox.internal.JsSanitizer,219,52,16117,,
delight.nashornsandbox.internal.JsSanitizer,218,56,6740,,
delight.nashornsandbox.internal.JsSanitizer,210,60,153,,
delight.nashornsandbox.internal.JsSanitizer,207,65,11928,,
delight.nashornsandbox.internal.JsSanitizer,200,117,304,,
delight.nashornsandbox.internal.JsSanitizer,213,102,10232,,
delight.nashornsandbox.internal.JsSanitizer,202,51,9323,,
delight.nashornsandbox.internal.JsSanitizer,214,84,20696,,
delight.nashornsandbox.internal.JsSanitizer,217,58,6752,,
delight.nashornsandbox.internal.JsSanitizer,208,59,29484,,
delight.nashornsandbox.internal.JsSanitizer,209,117,505,,
delight.nashornsandbox.internal.JsSanitizer,206,125,10157,,
delight.nashornsandbox.internal.JsSanitizer,221,103,2115,,
delight.nashornsandbox.internal.JsSanitizer,220,101,4879,,
delight.nashornsandbox.internal.JsSanitizer,215,77,20246,,
delight.nashornsandbox.internal.JsSanitizer,216,97,2165,,
delight.nashornsandbox.internal.JsSanitizer,225,94,14504,,
delight.nashornsandbox.internal.JsSanitizer,222,89,13555,,
delight.nashornsandbox.internal.JsSanitizer,204,91,6762,,
delight.nashornsandbox.internal.JsSanitizer,226,95,29080,,
delight.nashornsandbox.internal.JsSanitizer,223,79,19476,,
delight.nashornsandbox.internal.JsSanitizer,203,66,9274,,
delight.nashornsandbox.internal.JsSanitizer,201,69,2,,
delight.nashornsandbox.internal.JsSanitizer,205,70,29613,,
delight.nashornsandbox.internal.JsSanitizer,212,95,9925,,
delight.nashornsandbox.internal.NashornDetection$StandaloneNashornClassFilterCreator,228,121,27,,
delight.nashornsandbox.internal.RemoveComments,242,100,0,,
delight.nashornsandbox.internal.RemoveComments,235,102,0,,
delight.nashornsandbox.internal.RemoveComments,231,102,0,,
delight.nashornsandbox.internal.RemoveComments,241,99,0,,
delight.nashornsandbox.internal.RemoveComments,233,91,0,,
delight.nashornsandbox.internal.RemoveComments,232,93,0,,
delight.nashornsandbox.internal.RemoveComments,244,98,0,,
delight.nashornsandbox.internal.RemoveComments,245,95,0,,
delight.nashornsandbox.internal.RemoveComments,239,96,0,,
delight.nashornsandbox.internal.RemoveComments,238,112,0,,
delight.nashornsandbox.internal.RemoveComments,243,99,0,,
delight.nashornsandbox.internal.RemoveComments,236,114,0,,
delight.nashornsandbox.internal.RemoveComments,237,96,0,,
delight.nashornsandbox.internal.RemoveComments,247,103,0,,
delight.nashornsandbox.internal.RemoveComments,240,115,0,,
delight.nashornsandbox.internal.RemoveComments,234,103,0,,
delight.nashornsandbox.internal.RemoveComments,246,100,0,,
delight.nashornsandbox.exceptions.ScriptAbuseException,3,101,2500,,
delight.nashornsandbox.exceptions.ScriptAbuseException,2,103,2435,,
delight.nashornsandbox.exceptions.ScriptAbuseException,0,101,205,,
delight.nashornsandbox.exceptions.ScriptAbuseException,1,96,208,,
delight.nashornsandbox.internal.InvokeOperation,22,119,206,,
delight.nashornsandbox.internal.EvaluateCompiledOperation,264,100,171,,
delight.nashornsandbox.internal.EvaluateCompiledOperation,263,102,693,,
delight.nashornsandbox.internal.EvaluateCompiledOperation,265,103,463,,
delight.nashornsandbox.internal.EvaluateCompiledOperation,262,104,180,,
delight.nashornsandbox.internal.EvaluateCompiledOperation,261,108,966,,
delight.nashornsandbox.internal.SandboxClassFilter,253,103,810,,
delight.nashornsandbox.internal.SandboxClassFilter,251,110,576,,
delight.nashornsandbox.internal.SandboxClassFilter,250,115,579,,
delight.nashornsandbox.internal.SandboxClassFilter,252,108,764,,
delight.nashornsandbox.internal.SandboxClassFilter,255,109,3734,RUN_ERROR,
delight.nashornsandbox.internal.SandboxClassFilter,254,4,15812,,
delight.nashornsandbox.NashornSandboxes,4,47,429,,
delight.nashornsandbox.internal.NashornSandboxImpl,135,47,10853,,
delight.nashornsandbox.internal.NashornSandboxImpl,159,70,1926,,
delight.nashornsandbox.internal.NashornSandboxImpl,129,74,7800,,
delight.nashornsandbox.internal.NashornSandboxImpl,170,72,30964,,
delight.nashornsandbox.internal.NashornSandboxImpl,179,104,39098,,
delight.nashornsandbox.internal.NashornSandboxImpl,168,161,590,,
delight.nashornsandbox.internal.NashornSandboxImpl,113,158,3961,,
delight.nashornsandbox.internal.NashornSandboxImpl,117,189,1423,,
delight.nashornsandbox.internal.NashornSandboxImpl,184,149,15210,TIMED_OUT,
delight.nashornsandbox.internal.NashornSandboxImpl,116,8,0,TIMED_OUT,
delight.nashornsandbox.internal.NashornSandboxImpl,144,17,3255,TIMED_OUT,
delight.nashornsandbox.internal.NashornSandboxImpl,177,19,0,TIMED_OUT,
delight.nashornsandbox.internal.NashornSandboxImpl,104,16,0,TIMED_OUT,
delight.nashornsandbox.internal.NashornSandboxImpl,161,17,3197,TIMED_OUT,
delight.nashornsandbox.internal.NashornSandboxImpl,107,8,3929,,
delight.nashornsandbox.internal.NashornSandboxImpl,105,54,1242,,
delight.nashornsandbox.internal.NashornSandboxImpl,151,49,3664,,
delight.nashornsandbox.internal.NashornSandboxImpl,185,61,9240,,
delight.nashornsandbox.internal.NashornSandboxImpl,133,60,22110,,
delight.nashornsandbox.internal.NashornSandboxImpl,174,42,29126,,
delight.nashornsandbox.internal.NashornSandboxImpl,156,60,3609,TIMED_OUT,
delight.nashornsandbox.internal.NashornSandboxImpl,173,5,33187,,
delight.nashornsandbox.internal.NashornSandboxImpl,171,91,30321,RUN_ERROR,
delight.nashornsandbox.internal.NashornSandboxImpl,172,5,17389,RUN_ERROR,
delight.nashornsandbox.internal.NashornSandboxImpl,180,5,33582,,
delight.nashornsandbox.internal.NashornSandboxImpl,183,49,369,RUN_ERROR,
delight.nashornsandbox.internal.NashornSandboxImpl,103,5,4098,,
delight.nashornsandbox.internal.NashornSandboxImpl,158,31,418,,
delight.nashornsandbox.internal.NashornSandboxImpl,182,32,30945,,
delight.nashornsandbox.internal.NashornSandboxImpl,188,50,206,,
delight.nashornsandbox.internal.NashornSandboxImpl,119,50,39,,
delight.nashornsandbox.internal.NashornSandboxImpl,120,43,808,RUN_ERROR,
delight.nashornsandbox.internal.NashornSandboxImpl,109,5,1466,,
delight.nashornsandbox.internal.NashornSandboxImpl,118,40,295,,
delight.nashornsandbox.internal.NashornSandboxImpl,148,37,10283,,
delight.nashornsandbox.internal.NashornSandboxImpl,149,39,4144,,
delight.nashornsandbox.internal.NashornSandboxImpl,142,52,14973,TIMED_OUT,
delight.nashornsandbox.internal.NashornSandboxImpl,108,5,1416,,
delight.nashornsandbox.internal.NashornSandboxImpl,126,25,31400,,
delight.nashornsandbox.internal.NashornSandboxImpl,152,58,9118,,
delight.nashornsandbox.internal.NashornSandboxImpl,181,47,29491,,
delight.nashornsandbox.internal.NashornSandboxImpl,137,87,217,,
delight.nashornsandbox.internal.NashornSandboxImpl,164,81,529,,
delight.nashornsandbox.internal.NashornSandboxImpl,131,83,27635,,
delight.nashornsandbox.internal.NashornSandboxImpl,136,62,204,,
delight.nashornsandbox.internal.NashornSandboxImpl,112,62,2127,,
delight.nashornsandbox.internal.NashornSandboxImpl,150,83,4558,,
delight.nashornsandbox.internal.NashornSandboxImpl,114,76,9128,,
delight.nashornsandbox.internal.NashornSandboxImpl,134,62,18084,,
delight.nashornsandbox.internal.NashornSandboxImpl,155,119,407,,
delight.nashornsandbox.internal.NashornSandboxImpl,169,131,27797,,
delight.nashornsandbox.internal.NashornSandboxImpl,163,99,457,,
delight.nashornsandbox.internal.NashornSandboxImpl,138,98,346,,
delight.nashornsandbox.internal.NashornSandboxImpl,160,99,29238,,
delight.nashornsandbox.internal.NashornSandboxImpl,124,130,870,,
delight.nashornsandbox.internal.NashornSandboxImpl,162,122,289,,
delight.nashornsandbox.internal.NashornSandboxImpl,139,95,936,,
delight.nashornsandbox.internal.NashornSandboxImpl,132,99,17954,,
delight.nashornsandbox.internal.NashornSandboxImpl,115,131,1317,,
delight.nashornsandbox.internal.NashornSandboxImpl,111,97,28447,,
delight.nashornsandbox.internal.NashornSandboxImpl,140,106,12446,,
delight.nashornsandbox.internal.NashornSandboxImpl,125,138,31324,TIMED_OUT,
delight.nashornsandbox.internal.NashornSandboxImpl,106,9,4142,,
delight.nashornsandbox.internal.NashornSandboxImpl,121,70,5404,,
delight.nashornsandbox.internal.NashornSandboxImpl,143,78,13794,,
delight.nashornsandbox.internal.NashornSandboxImpl,176,47,31522,,
delight.nashornsandbox.internal.NashornSandboxImpl,187,47,6729,,
delight.nashornsandbox.internal.NashornSandboxImpl,186,46,20443,,
delight.nashornsandbox.internal.NashornSandboxImpl,122,44,315,,
delight.nashornsandbox.internal.NashornSandboxImpl,130,43,1226,,
delight.nashornsandbox.internal.NashornSandboxImpl,165,48,290,,
delight.nashornsandbox.internal.NashornSandboxImpl,146,45,15579,,
delight.nashornsandbox.internal.NashornSandboxImpl,178,120,20837,TIMED_OUT,
delight.nashornsandbox.internal.NashornSandboxImpl,141,6,7390,TIMED_OUT,
delight.nashornsandbox.internal.NashornSandboxImpl,175,5,34987,,
delight.nashornsandbox.internal.NashornSandboxImpl,110,44,3899,RUN_ERROR,
delight.nashornsandbox.internal.NashornSandboxImpl,157,5,2504,,
delight.nashornsandbox.internal.NashornSandboxImpl,102,30,12,,
delight.nashornsandbox.internal.NashornSandboxImpl,101,34,20660,,
delight.nashornsandbox.internal.NashornSandboxImpl,153,42,15237,,
delight.nashornsandbox.internal.NashornSandboxImpl,167,75,404,,
delight.nashornsandbox.internal.NashornSandboxImpl,166,77,517,,
delight.nashornsandbox.internal.NashornSandboxImpl,128,81,30258,,
delight.nashornsandbox.internal.NashornSandboxImpl,147,107,29244,,
delight.nashornsandbox.internal.NashornSandboxImpl,127,115,3005,,
delight.nashornsandbox.internal.NashornSandboxImpl,123,115,872,,
delight.nashornsandbox.internal.NashornSandboxImpl,154,150,565,,
delight.nashornsandbox.internal.NashornSandboxImpl,145,132,3728,TIMED_OUT,
delight.nashornsandbox.internal.StandaloneNashornClassFilter,249,19,3325,TIMED_OUT,
delight.nashornsandbox.internal.StandaloneNashornClassFilter,248,11,19434,,
delight.nashornsandbox.internal.JsEvaluator,13,45,14443,,
delight.nashornsandbox.internal.JsEvaluator,12,73,12991,,
delight.nashornsandbox.internal.JsEvaluator,11,48,17348,,
delight.nashornsandbox.internal.JsEvaluator,21,93,21732,,
delight.nashornsandbox.internal.JsEvaluator,14,150,17176,,
delight.nashornsandbox.internal.JsEvaluator,20,93,3190,TIMED_OUT,
delight.nashornsandbox.internal.JsEvaluator,18,7,0,TIMED_OUT,
delight.nashornsandbox.internal.JsEvaluator,15,4,14662,,
delight.nashornsandbox.internal.JsEvaluator,10,55,13964,,
delight.nashornsandbox.internal.JsEvaluator,19,81,22411,,
delight.nashornsandbox.internal.JsEvaluator,16,44,8966,,
delight.nashornsandbox.internal.JsEvaluator,9,53,22001,,
delight.nashornsandbox.internal.JsEvaluator,17,67,10193,,
delight.nashornsandbox.internal.ThreadMonitor,47,88,7284,TIMED_OUT,
delight.nashornsandbox.internal.ThreadMonitor,35,6,12895,,
delight.nashornsandbox.internal.ThreadMonitor,93,55,18711,TIMED_OUT,
delight.nashornsandbox.internal.ThreadMonitor,94,19,4472,TIMED_OUT,
delight.nashornsandbox.internal.ThreadMonitor,66,28,0,TIMED_OUT,
delight.nashornsandbox.internal.ThreadMonitor,89,6,29469,TIMED_OUT,
delight.nashornsandbox.internal.ThreadMonitor,96,4,26753,,
delight.nashornsandbox.internal.ThreadMonitor,88,66,22482,TIMED_OUT,
delight.nashornsandbox.internal.ThreadMonitor,37,8,0,TIMED_OUT,
delight.nashornsandbox.internal.ThreadMonitor,26,4,28169,,
delight.nashornsandbox.internal.ThreadMonitor,67,83,12513,,
delight.nashornsandbox.internal.ThreadMonitor,29,46,22632,,
delight.nashornsandbox.internal.ThreadMonitor,27,79,11439,TIMED_OUT,
delight.nashornsandbox.internal.ThreadMonitor,87,4,25254,,
delight.nashornsandbox.internal.ThreadMonitor,83,39,4176,,
delight.nashornsandbox.internal.ThreadMonitor,42,49,8430,,
delight.nashornsandbox.internal.ThreadMonitor,33,41,23222,,
delight.nashornsandbox.internal.ThreadMonitor,70,64,34230,,
delight.nashornsandbox.internal.ThreadMonitor,45,161,25687,TIMED_OUT,
delight.nashornsandbox.internal.ThreadMonitor,55,10,0,TIMED_OUT,
delight.nashornsandbox.internal.ThreadMonitor,38,8,0,TIMED_OUT,
delight.nashornsandbox.internal.ThreadMonitor,97,5,18912,,
delight.nashornsandbox.internal.ThreadMonitor,78,46,22633,,
delight.nashornsandbox.internal.ThreadMonitor,98,83,21529,,
delight.nashornsandbox.internal.ThreadMonitor,24,105,11078,,
delight.nashornsandbox.internal.ThreadMonitor,49,46,12997,,
delight.nashornsandbox.internal.ThreadMonitor,90,54,6199,TIMED_OUT,
delight.nashornsandbox.internal.ThreadMonitor,25,4,13534,,
delight.nashornsandbox.internal.ThreadMonitor,59,42,9939,,
delight.nashornsandbox.internal.ThreadMonitor,62,45,17529,,
delight.nashornsandbox.internal.ThreadMonitor,31,72,3607,TIMED_OUT,
delight.nashornsandbox.internal.ThreadMonitor,69,5,0,TIMED_OUT,
delight.nashornsandbox.internal.ThreadMonitor,86,4,12541,,
delight.nashornsandbox.internal.ThreadMonitor,100,35,20480,TIMED_OUT,
delight.nashornsandbox.internal.ThreadMonitor,54,4,0,TIMED_OUT,
delight.nashornsandbox.internal.ThreadMonitor,68,6,2415,,
delight.nashornsandbox.internal.ThreadMonitor,28,26,25972,,
delight.nashornsandbox.internal.ThreadMonitor,44,65,12660,TIMED_OUT,
delight.nashornsandbox.internal.ThreadMonitor,46,4,24656,,
delight.nashornsandbox.internal.ThreadMonitor,34,45,3279,TIMED_OUT,
delight.nashornsandbox.internal.ThreadMonitor,52,4,13909,,
delight.nashornsandbox.internal.ThreadMonitor,30,44,23100,,
delight.nashornsandbox.internal.ThreadMonitor,64,104,5725,,
delight.nashornsandbox.internal.ThreadMonitor,82,76,11575,,
delight.nashornsandbox.internal.ThreadMonitor,72,61,13196,,
delight.nashornsandbox.internal.ThreadMonitor,48,72,16354,,
delight.nashornsandbox.internal.ThreadMonitor,74,105,20927,,
delight.nashornsandbox.internal.ThreadMonitor,84,80,8897,,
delight.nashornsandbox.internal.ThreadMonitor,51,96,12513,,
delight.nashornsandbox.internal.ThreadMonitor,80,72,10673,,
delight.nashornsandbox.internal.ThreadMonitor,99,87,3214,TIMED_OUT,
delight.nashornsandbox.internal.ThreadMonitor,60,5,12523,,
delight.nashornsandbox.internal.ThreadMonitor,71,40,4141,TIMED_OUT,
delight.nashornsandbox.internal.ThreadMonitor,50,4,3171,,
delight.nashornsandbox.internal.ThreadMonitor,41,44,9663,,
delight.nashornsandbox.internal.ThreadMonitor,56,39,11062,,
delight.nashornsandbox.internal.ThreadMonitor,79,45,9739,,
delight.nashornsandbox.internal.ThreadMonitor,63,54,17868,,
delight.nashornsandbox.internal.ThreadMonitor,81,81,10623,,
delight.nashornsandbox.internal.ThreadMonitor,92,70,21942,,
delight.nashornsandbox.internal.ThreadMonitor,85,91,9500,,
delight.nashornsandbox.internal.ThreadMonitor,77,88,21252,,
delight.nashornsandbox.internal.ThreadMonitor,95,103,21442,,
delight.nashornsandbox.internal.ThreadMonitor,75,155,25576,TIMED_OUT,
delight.nashornsandbox.internal.ThreadMonitor,39,8,0,TIMED_OUT,
delight.nashornsandbox.internal.ThreadMonitor,40,8,3342,TIMED_OUT,
delight.nashornsandbox.internal.ThreadMonitor,36,11,19389,,
delight.nashornsandbox.internal.ThreadMonitor,65,44,5779,,
delight.nashornsandbox.internal.ThreadMonitor,76,41,22690,,
delight.nashornsandbox.internal.ThreadMonitor,43,74,22598,,
delight.nashornsandbox.internal.ThreadMonitor,58,105,21285,,
delight.nashornsandbox.internal.ThreadMonitor,53,96,8287,,
delight.nashornsandbox.internal.ThreadMonitor,91,54,9125,,
delight.nashornsandbox.internal.ThreadMonitor,57,47,9081,,
delight.nashornsandbox.internal.ThreadMonitor,32,62,12534,TIMED_OUT,
delight.nashornsandbox.internal.ThreadMonitor,73,4,25119,,
delight.nashornsandbox.internal.ThreadMonitor,61,44,3572,,
delight.nashornsandbox.internal.NashornDetection,194,47,39,,
delight.nashornsandbox.internal.NashornDetection,192,46,37,,
delight.nashornsandbox.internal.NashornDetection,197,47,29643,,
delight.nashornsandbox.internal.NashornDetection,196,75,35,,
delight.nashornsandbox.internal.NashornDetection,198,74,8985,,
delight.nashornsandbox.internal.NashornDetection,191,84,29763,,
delight.nashornsandbox.internal.NashornDetection,193,55,32,,
delight.nashornsandbox.internal.NashornDetection,195,56,58,,
delight.nashornsandbox.internal.NashornDetection,190,55,39,,
delight.nashornsandbox.internal.NashornDetection,189,56,27,,
delight.nashornsandbox.internal.NashornDetection,199,57,9009,,
delight.nashornsandbox.internal.LinkedHashMapSecuredJsCache,229,46,1659,,
delight.nashornsandbox.internal.LinkedHashMapSecuredJsCache,230,67,2067,,
delight.nashornsandbox.internal.InterruptTest,227,51,10896,,
delight.nashornsandbox.internal.NashornSandboxImpl$1,23,87,946,,
delight.nashornsandbox.internal.EvaluateOperation,258,77,13868,,
delight.nashornsandbox.internal.EvaluateOperation,260,76,7715,,
delight.nashornsandbox.internal.EvaluateOperation,256,58,18704,,
delight.nashornsandbox.internal.EvaluateOperation,259,85,1227,,
delight.nashornsandbox.internal.EvaluateOperation,257,104,8539,,
delight.nashornsandbox.internal.JsSanitizer$1,8,96,6659,,
delight.nashornsandbox.internal.JsSanitizer$1,7,107,7241,,
delight.nashornsandbox.internal.JsSanitizer$1,6,109,6964,,
delight.nashornsandbox.NashornSandboxes,5,105,1,,
Group Runtime,,195374,,,26
Total Runtime,,17713,2677332,45,266
Complete Runtime,,2809,,,
