me.zhyd.oauth.utils.Base64Utils,0,2,54,,
me.zhyd.oauth.utils.Base64Utils,1,7,8,,
me.zhyd.oauth.utils.Base64Utils,2,6,9,,
me.zhyd.oauth.utils.Base64Utils,3,6,6,,
me.zhyd.oauth.utils.Base64Utils,4,7,4,,
me.zhyd.oauth.utils.Base64Utils,5,7,4,,
me.zhyd.oauth.utils.Base64Utils,6,7,8,,
me.zhyd.oauth.utils.Base64Utils,7,7,4,,
me.zhyd.oauth.utils.Base64Utils,8,7,4,,
me.zhyd.oauth.utils.Base64Utils,9,8,4,,
me.zhyd.oauth.utils.Base64Utils,10,8,3,,
me.zhyd.oauth.utils.Base64Utils,11,8,4,,
me.zhyd.oauth.utils.Base64Utils,12,8,4,,
me.zhyd.oauth.utils.Base64Utils,13,8,4,,
me.zhyd.oauth.utils.Base64Utils,14,9,3,,
me.zhyd.oauth.utils.Base64Utils,15,9,4,,
me.zhyd.oauth.utils.Base64Utils,16,9,4,,
me.zhyd.oauth.utils.Base64Utils,17,9,4,,
me.zhyd.oauth.utils.Base64Utils,18,9,4,,
me.zhyd.oauth.utils.Base64Utils,19,9,4,,
me.zhyd.oauth.utils.Base64Utils,20,9,3,,
me.zhyd.oauth.utils.Base64Utils,21,9,4,,
me.zhyd.oauth.utils.Base64Utils,22,9,3,,
me.zhyd.oauth.utils.Base64Utils,23,10,4,,
me.zhyd.oauth.utils.Base64Utils,24,12,4,,
me.zhyd.oauth.utils.Base64Utils,25,10,4,,
me.zhyd.oauth.utils.Base64Utils,26,10,3,,
me.zhyd.oauth.utils.Base64Utils,27,10,3,,
me.zhyd.oauth.utils.Base64Utils,28,10,4,,
me.zhyd.oauth.utils.Base64Utils,29,10,3,,
me.zhyd.oauth.utils.Base64Utils,30,10,3,,
me.zhyd.oauth.utils.Base64Utils,31,11,4,,
me.zhyd.oauth.utils.Base64Utils,32,12,3,,
me.zhyd.oauth.utils.Base64Utils,33,11,6,,
me.zhyd.oauth.utils.Base64Utils,34,12,3,,
me.zhyd.oauth.utils.Base64Utils,35,12,3,,
me.zhyd.oauth.utils.Base64Utils,36,12,4,,
me.zhyd.oauth.utils.Base64Utils,37,13,4,,
me.zhyd.oauth.utils.Base64Utils,38,13,3,,
me.zhyd.oauth.utils.Base64Utils,39,13,3,,
me.zhyd.oauth.utils.Base64Utils,40,11,3,,
me.zhyd.oauth.utils.Base64Utils,41,11,3,,
me.zhyd.oauth.utils.Base64Utils,42,12,3,,
me.zhyd.oauth.utils.Base64Utils,43,11,3,,
me.zhyd.oauth.utils.Base64Utils,44,11,3,,
me.zhyd.oauth.utils.Base64Utils,45,13,3,,
me.zhyd.oauth.utils.Base64Utils,46,12,3,,
me.zhyd.oauth.utils.Base64Utils,47,12,4,,
me.zhyd.oauth.utils.Base64Utils,48,12,3,,
me.zhyd.oauth.utils.Base64Utils,49,12,3,,
me.zhyd.oauth.utils.Base64Utils,50,12,4,,
me.zhyd.oauth.utils.Base64Utils,51,12,3,,
me.zhyd.oauth.utils.Base64Utils,52,11,3,,
me.zhyd.oauth.utils.Base64Utils,53,11,3,,
me.zhyd.oauth.utils.Base64Utils,54,10,3,,
me.zhyd.oauth.utils.Base64Utils,55,11,3,,
me.zhyd.oauth.utils.Base64Utils,56,11,3,,
me.zhyd.oauth.utils.GlobalAuthUtils,57,3,32,,
me.zhyd.oauth.utils.GlobalAuthUtils,58,6,28,,
me.zhyd.oauth.utils.GlobalAuthUtils,59,7,1,,
me.zhyd.oauth.utils.GlobalAuthUtils,60,7,1,,
me.zhyd.oauth.utils.GlobalAuthUtils,61,8,1,,
me.zhyd.oauth.utils.GlobalAuthUtils,62,10,1,,
me.zhyd.oauth.utils.GlobalAuthUtils,63,8,1,,
me.zhyd.oauth.utils.GlobalAuthUtils,64,8,1,,
me.zhyd.oauth.utils.GlobalAuthUtils,65,9,1,,
me.zhyd.oauth.utils.GlobalAuthUtils,66,9,17,,
me.zhyd.oauth.utils.GlobalAuthUtils,67,9,6,,
me.zhyd.oauth.utils.GlobalAuthUtils,68,9,1,,
me.zhyd.oauth.utils.GlobalAuthUtils,69,13,1,,
me.zhyd.oauth.utils.GlobalAuthUtils,70,9,18,,
me.zhyd.oauth.utils.GlobalAuthUtils,71,10,9,,
me.zhyd.oauth.utils.GlobalAuthUtils,72,10,4,,
me.zhyd.oauth.utils.GlobalAuthUtils,73,11,1,,
me.zhyd.oauth.utils.GlobalAuthUtils,74,10,32,,
me.zhyd.oauth.utils.GlobalAuthUtils,75,10,20,,
me.zhyd.oauth.utils.GlobalAuthUtils,76,11,7,,
me.zhyd.oauth.utils.GlobalAuthUtils,77,11,1,,
me.zhyd.oauth.utils.GlobalAuthUtils,78,11,1,,
me.zhyd.oauth.utils.GlobalAuthUtils,79,10,22,,
me.zhyd.oauth.utils.GlobalAuthUtils,80,12,3,,
me.zhyd.oauth.utils.GlobalAuthUtils,81,12,3,,
me.zhyd.oauth.utils.GlobalAuthUtils,82,12,5,,
me.zhyd.oauth.utils.GlobalAuthUtils,83,13,2,,
me.zhyd.oauth.utils.GlobalAuthUtils,84,13,2,,
me.zhyd.oauth.utils.GlobalAuthUtils,85,12,2,,
me.zhyd.oauth.utils.GlobalAuthUtils,86,12,3,,
me.zhyd.oauth.utils.GlobalAuthUtils,87,13,5,,
me.zhyd.oauth.utils.GlobalAuthUtils,88,12,6,,
me.zhyd.oauth.utils.GlobalAuthUtils,89,14,2,,
me.zhyd.oauth.utils.GlobalAuthUtils,90,12,2,,
me.zhyd.oauth.utils.GlobalAuthUtils,91,12,2,,
me.zhyd.oauth.utils.GlobalAuthUtils,92,13,3,,
me.zhyd.oauth.utils.GlobalAuthUtils,93,14,2,,
me.zhyd.oauth.utils.GlobalAuthUtils,94,13,4,,
me.zhyd.oauth.utils.GlobalAuthUtils,95,13,4,,
me.zhyd.oauth.utils.GlobalAuthUtils,96,15,5,,
me.zhyd.oauth.utils.GlobalAuthUtils,97,13,4,,
me.zhyd.oauth.utils.GlobalAuthUtils,98,13,1,,
me.zhyd.oauth.utils.GlobalAuthUtils,99,12,1,,
me.zhyd.oauth.utils.GlobalAuthUtils,100,13,1,,
me.zhyd.oauth.utils.GlobalAuthUtils,101,13,1,,
me.zhyd.oauth.utils.GlobalAuthUtils,102,13,1,,
me.zhyd.oauth.utils.GlobalAuthUtils,103,16,1,,
me.zhyd.oauth.utils.GlobalAuthUtils,104,16,4,,
me.zhyd.oauth.utils.GlobalAuthUtils,105,13,5,,
me.zhyd.oauth.utils.GlobalAuthUtils,106,13,1,,
me.zhyd.oauth.utils.GlobalAuthUtils,107,13,2,,
me.zhyd.oauth.utils.GlobalAuthUtils,108,13,10,,
me.zhyd.oauth.utils.GlobalAuthUtils,109,14,10,,
Group Runtime,,1270,,,53
me.zhyd.oauth.request.AuthDefaultRequest,110,3,36,,
me.zhyd.oauth.request.AuthDefaultRequest,111,7,103,,
me.zhyd.oauth.request.AuthDefaultRequest,112,7,9,,
me.zhyd.oauth.request.AuthDefaultRequest,113,8,1,,
me.zhyd.oauth.request.AuthDefaultRequest,114,7,16,,
me.zhyd.oauth.request.AuthDefaultRequest,115,8,20,,
me.zhyd.oauth.request.AuthDefaultRequest,116,9,9,,
me.zhyd.oauth.request.AuthDefaultRequest,117,10,7,,
me.zhyd.oauth.request.AuthDefaultRequest,118,9,3,,
me.zhyd.oauth.request.AuthDefaultRequest,119,9,5,,
me.zhyd.oauth.request.AuthDefaultRequest,120,10,5,,
me.zhyd.oauth.request.AuthDefaultRequest,121,10,4,,
me.zhyd.oauth.request.AuthDefaultRequest,122,10,4,,
me.zhyd.oauth.request.AuthDefaultRequest,123,10,4,,
me.zhyd.oauth.request.AuthDefaultRequest,124,10,1,,
me.zhyd.oauth.request.AuthDefaultRequest,125,11,1,,
me.zhyd.oauth.request.AuthDefaultRequest,126,11,1,,
me.zhyd.oauth.request.AuthDefaultRequest,127,10,1,,
Group Runtime,,583,,,18
me.zhyd.oauth.config.AuthConfig,128,3,23,,
me.zhyd.oauth.config.AuthConfig,129,6,40,,
me.zhyd.oauth.config.AuthConfig,130,8,15,,
me.zhyd.oauth.config.AuthConfig,131,7,6,,
me.zhyd.oauth.config.AuthConfig,132,7,35,,
me.zhyd.oauth.config.AuthConfig,133,9,4,,
me.zhyd.oauth.config.AuthConfig,134,10,13,,
me.zhyd.oauth.config.AuthConfig,135,10,3,,
me.zhyd.oauth.config.AuthConfig,136,10,4,,
me.zhyd.oauth.config.AuthConfig,137,10,3,,
me.zhyd.oauth.config.AuthConfig,138,10,3,,
me.zhyd.oauth.config.AuthConfig,139,10,2,,
me.zhyd.oauth.config.AuthConfig,140,10,3,,
me.zhyd.oauth.config.AuthConfig,141,10,2,,
me.zhyd.oauth.config.AuthConfig,142,10,3,,
me.zhyd.oauth.config.AuthConfig,143,10,8,,
me.zhyd.oauth.config.AuthConfig,144,11,4,,
me.zhyd.oauth.config.AuthConfig,145,11,2,,
me.zhyd.oauth.config.AuthConfig,146,11,4,,
me.zhyd.oauth.config.AuthConfig,147,16,3,,
me.zhyd.oauth.config.AuthConfig,148,13,5,,
me.zhyd.oauth.config.AuthConfig,149,11,3,,
me.zhyd.oauth.config.AuthConfig,150,11,4,,
me.zhyd.oauth.config.AuthConfig,151,11,62,,
me.zhyd.oauth.config.AuthConfig,152,12,9,,
me.zhyd.oauth.config.AuthConfig,153,13,1,,
me.zhyd.oauth.config.AuthConfig,154,12,1,,
me.zhyd.oauth.config.AuthConfig,155,12,3,,
me.zhyd.oauth.config.AuthConfig,156,12,5,,
Group Runtime,,814,,,29
me.zhyd.oauth.request.AuthLinkedinRequest,157,3,61,,
Group Runtime,,182,,,1
me.zhyd.oauth.config.AuthConfig$AuthConfigBuilder,158,2,11,,
me.zhyd.oauth.config.AuthConfig$AuthConfigBuilder,159,5,0,,
me.zhyd.oauth.config.AuthConfig$AuthConfigBuilder,160,5,22,,
me.zhyd.oauth.config.AuthConfig$AuthConfigBuilder,161,6,8,,
me.zhyd.oauth.config.AuthConfig$AuthConfigBuilder,162,6,1,,
me.zhyd.oauth.config.AuthConfig$AuthConfigBuilder,163,6,9,,
me.zhyd.oauth.config.AuthConfig$AuthConfigBuilder,164,7,1,,
me.zhyd.oauth.config.AuthConfig$AuthConfigBuilder,165,7,1,,
me.zhyd.oauth.config.AuthConfig$AuthConfigBuilder,166,8,1,,
me.zhyd.oauth.config.AuthConfig$AuthConfigBuilder,167,8,1,,
me.zhyd.oauth.config.AuthConfig$AuthConfigBuilder,168,8,1,,
me.zhyd.oauth.config.AuthConfig$AuthConfigBuilder,169,9,6,,
me.zhyd.oauth.config.AuthConfig$AuthConfigBuilder,170,8,1,,
me.zhyd.oauth.config.AuthConfig$AuthConfigBuilder,171,8,1,,
Group Runtime,,336,,,14
me.zhyd.oauth.utils.AuthChecker,172,2,75,,
me.zhyd.oauth.utils.AuthChecker,173,5,1,,
me.zhyd.oauth.utils.AuthChecker,174,5,10,,
me.zhyd.oauth.utils.AuthChecker,175,5,51,,
me.zhyd.oauth.utils.AuthChecker,176,6,8,,
me.zhyd.oauth.utils.AuthChecker,177,6,10,,
me.zhyd.oauth.utils.AuthChecker,178,6,4,,
me.zhyd.oauth.utils.AuthChecker,179,7,1,,
me.zhyd.oauth.utils.AuthChecker,180,7,1,,
me.zhyd.oauth.utils.AuthChecker,181,7,1,,
me.zhyd.oauth.utils.AuthChecker,182,7,7,,
me.zhyd.oauth.utils.AuthChecker,183,7,6,,
me.zhyd.oauth.utils.AuthChecker,184,8,10,,
me.zhyd.oauth.utils.AuthChecker,185,8,11,,
me.zhyd.oauth.utils.AuthChecker,186,8,8,,
me.zhyd.oauth.utils.AuthChecker,187,8,9,,
me.zhyd.oauth.utils.AuthChecker,188,8,8,,
me.zhyd.oauth.utils.AuthChecker,189,9,9,,
me.zhyd.oauth.utils.AuthChecker,190,9,8,,
me.zhyd.oauth.utils.AuthChecker,191,9,8,,
me.zhyd.oauth.utils.AuthChecker,192,9,7,,
me.zhyd.oauth.utils.AuthChecker,193,9,3,,
me.zhyd.oauth.utils.AuthChecker,194,10,3,,
me.zhyd.oauth.utils.AuthChecker,195,10,3,,
me.zhyd.oauth.utils.AuthChecker,196,10,3,,
me.zhyd.oauth.utils.AuthChecker,197,16,1,KILLED,
me.zhyd.oauth.request.AuthAlipayRequest,198,4,61,,
me.zhyd.oauth.request.AuthAlipayRequest,199,5,6,,
me.zhyd.oauth.request.AuthAlipayRequest,200,6,3,,
me.zhyd.oauth.request.AuthAlipayRequest,201,6,1,,
me.zhyd.oauth.request.AuthAlipayRequest,202,8,6,,
me.zhyd.oauth.request.AuthAlipayRequest,203,6,1,,
me.zhyd.oauth.request.AuthAlipayRequest,204,7,1,,
Group Runtime,,274,,,7
me.zhyd.oauth.model.AuthToken,205,2,37,,
me.zhyd.oauth.model.AuthToken,206,5,54,,
me.zhyd.oauth.model.AuthToken,207,6,1,,
me.zhyd.oauth.model.AuthToken,208,6,1,,
me.zhyd.oauth.model.AuthToken,209,6,1,,
me.zhyd.oauth.model.AuthToken,210,7,1,,
me.zhyd.oauth.model.AuthToken,211,7,1,,
me.zhyd.oauth.model.AuthToken,212,7,2,,
me.zhyd.oauth.model.AuthToken,213,7,1,,
me.zhyd.oauth.model.AuthToken,214,7,1,,
me.zhyd.oauth.model.AuthToken,215,7,1,,
me.zhyd.oauth.model.AuthToken,216,8,25,,
me.zhyd.oauth.model.AuthToken,217,8,3,,
me.zhyd.oauth.model.AuthToken,218,9,1,,
me.zhyd.oauth.model.AuthToken,219,9,1,,
me.zhyd.oauth.model.AuthToken,220,8,2,,
me.zhyd.oauth.model.AuthToken,221,9,3,,
me.zhyd.oauth.model.AuthToken,222,8,3,,
me.zhyd.oauth.model.AuthToken,223,8,1,,
me.zhyd.oauth.model.AuthToken,224,8,1,,
me.zhyd.oauth.model.AuthToken,225,8,1,,
me.zhyd.oauth.model.AuthToken,226,8,3,,
me.zhyd.oauth.model.AuthToken,227,9,1,,
me.zhyd.oauth.model.AuthToken,228,8,1,,
me.zhyd.oauth.model.AuthToken,229,9,1,,
Group Runtime,,552,,,25
me.zhyd.oauth.model.AuthToken$AuthTokenBuilder,230,2,35,,
me.zhyd.oauth.model.AuthToken$AuthTokenBuilder,231,5,50,,
me.zhyd.oauth.model.AuthToken$AuthTokenBuilder,232,5,2,,
me.zhyd.oauth.model.AuthToken$AuthTokenBuilder,233,5,2,,
me.zhyd.oauth.model.AuthToken$AuthTokenBuilder,234,5,2,,
me.zhyd.oauth.model.AuthToken$AuthTokenBuilder,235,6,1,,
me.zhyd.oauth.model.AuthToken$AuthTokenBuilder,236,5,1,,
me.zhyd.oauth.model.AuthToken$AuthTokenBuilder,237,6,1,,
me.zhyd.oauth.model.AuthToken$AuthTokenBuilder,238,6,2,,
me.zhyd.oauth.model.AuthToken$AuthTokenBuilder,239,6,2,,
me.zhyd.oauth.model.AuthToken$AuthTokenBuilder,240,6,1,,
me.zhyd.oauth.model.AuthToken$AuthTokenBuilder,241,7,1,,
Group Runtime,,330,,,12
me.zhyd.oauth.cache.AuthDefaultCache,261,2,25,,
me.zhyd.oauth.cache.AuthDefaultCache,262,5,1,,
me.zhyd.oauth.cache.AuthDefaultCache,263,4,12,,
me.zhyd.oauth.cache.AuthDefaultCache,264,4,1,,
me.zhyd.oauth.cache.AuthDefaultCache,265,5,2,,
me.zhyd.oauth.cache.AuthDefaultCache,266,5,52,,
me.zhyd.oauth.cache.AuthDefaultCache,267,8,3012,TIMED_OUT,
me.zhyd.oauth.cache.AuthDefaultCache,268,2,81,,
me.zhyd.oauth.cache.AuthDefaultCache,269,5,2,,
me.zhyd.oauth.cache.AuthDefaultCache,270,5,1,,
me.zhyd.oauth.cache.AuthDefaultCache,271,5,1,,
me.zhyd.oauth.cache.AuthDefaultCache,272,5,3022,TIMED_OUT,
me.zhyd.oauth.cache.AuthDefaultCache,273,2,25,,
me.zhyd.oauth.cache.AuthDefaultCache,274,4,1,,
me.zhyd.oauth.cache.AuthDefaultCache,275,4,15,,
me.zhyd.oauth.cache.AuthDefaultCache,276,5,51,,
me.zhyd.oauth.cache.AuthDefaultCache,277,6,6,,
me.zhyd.oauth.cache.AuthDefaultCache,278,6,3022,TIMED_OUT,
me.zhyd.oauth.utils.StringUtils,279,2,121,,
me.zhyd.oauth.utils.StringUtils,280,5,13,,
me.zhyd.oauth.utils.StringUtils,281,6,15,,
me.zhyd.oauth.utils.StringUtils,282,6,1,,
me.zhyd.oauth.utils.StringUtils,283,6,7,,
me.zhyd.oauth.utils.StringUtils,284,7,9,,
me.zhyd.oauth.utils.StringUtils,285,7,41,,
me.zhyd.oauth.utils.StringUtils,286,8,14,,
me.zhyd.oauth.utils.StringUtils,287,8,14,,
me.zhyd.oauth.utils.StringUtils,288,8,8,,
me.zhyd.oauth.utils.StringUtils,289,10,1,KILLED,
me.zhyd.oauth.request.AuthAppleRequest,294,4,59,,
me.zhyd.oauth.request.AuthAppleRequest,295,8,8,,
me.zhyd.oauth.request.AuthAppleRequest,296,9,6,,
me.zhyd.oauth.request.AuthAppleRequest,297,9,5,,
me.zhyd.oauth.request.AuthAppleRequest,298,9,4,,
me.zhyd.oauth.request.AuthAppleRequest,299,9,4,,
Group Runtime,,348,,,6
me.zhyd.oauth.utils.UuidUtils,301,2,30,,
me.zhyd.oauth.utils.UuidUtils,302,4,5,,
me.zhyd.oauth.utils.UuidUtils,303,4,5,,
me.zhyd.oauth.utils.UuidUtils,304,4,95,,
me.zhyd.oauth.utils.UuidUtils,305,6,4,,
me.zhyd.oauth.utils.UuidUtils,306,6,10,,
me.zhyd.oauth.utils.UuidUtils,307,6,9,,
me.zhyd.oauth.utils.UuidUtils,308,7,9,,
me.zhyd.oauth.utils.UuidUtils,309,7,8,,
me.zhyd.oauth.utils.UuidUtils,310,8,7,,
me.zhyd.oauth.utils.UuidUtils,311,8,7,,
me.zhyd.oauth.utils.UuidUtils,312,8,7,,
me.zhyd.oauth.utils.UuidUtils,313,8,6,,
me.zhyd.oauth.utils.UuidUtils,314,8,6,,
me.zhyd.oauth.utils.UuidUtils,315,9,6,,
me.zhyd.oauth.utils.UuidUtils,316,9,1,KILLED,
me.zhyd.oauth.model.AuthUser$AuthUserBuilder,317,2,72,,
me.zhyd.oauth.model.AuthUser$AuthUserBuilder,318,5,10,,
me.zhyd.oauth.model.AuthUser$AuthUserBuilder,319,6,2,,
me.zhyd.oauth.model.AuthUser$AuthUserBuilder,320,6,2,,
me.zhyd.oauth.model.AuthUser$AuthUserBuilder,321,5,1,,
me.zhyd.oauth.model.AuthUser$AuthUserBuilder,322,5,0,KILLED,
me.zhyd.oauth.model.AuthUser,323,2,36,,
me.zhyd.oauth.model.AuthUser,324,4,64,,
me.zhyd.oauth.model.AuthUser,325,5,2,,
me.zhyd.oauth.model.AuthUser,326,5,2,,
me.zhyd.oauth.model.AuthUser,327,5,2,,
me.zhyd.oauth.model.AuthUser,328,6,2,,
me.zhyd.oauth.model.AuthUser,329,6,3,,
me.zhyd.oauth.model.AuthUser,330,7,2,,
me.zhyd.oauth.model.AuthUser,331,6,2,,
me.zhyd.oauth.model.AuthUser,332,6,2,,
me.zhyd.oauth.model.AuthUser,333,7,6,,
me.zhyd.oauth.model.AuthUser,334,7,2,,
me.zhyd.oauth.model.AuthUser,335,7,2,,
me.zhyd.oauth.model.AuthUser,336,7,2,,
me.zhyd.oauth.model.AuthUser,337,7,2,,
me.zhyd.oauth.model.AuthUser,338,7,2,,
Group Runtime,,406,,,16
me.zhyd.oauth.request.AuthAmazonRequest,341,3,67,,
me.zhyd.oauth.request.AuthAmazonRequest,342,8,7,,
Group Runtime,,202,,,2
me.zhyd.oauth.request.AbstractAuthMicrosoftRequest,344,3,60,,
me.zhyd.oauth.request.AbstractAuthMicrosoftRequest,345,5,7,,
Group Runtime,,192,,,2
me.zhyd.oauth.request.AuthHuaweiV3Request,347,3,65,,
me.zhyd.oauth.request.AuthHuaweiV3Request,348,6,6,,
Group Runtime,,199,,,2
me.zhyd.oauth.request.AuthFacebookRequest,349,3,60,,
me.zhyd.oauth.request.AuthFacebookRequest,350,5,6,,
me.zhyd.oauth.request.AuthFacebookRequest,351,7,5,,
me.zhyd.oauth.request.AuthFacebookRequest,352,6,5,,
Group Runtime,,221,,,4
me.zhyd.oauth.request.AuthHuaweiRequest,353,4,61,,
me.zhyd.oauth.enums.scope.AuthGoogleScope,355,6,61,,
me.zhyd.oauth.enums.scope.AuthGoogleScope,356,47,7,,
me.zhyd.oauth.enums.scope.AuthGoogleScope,357,47,6,,
Group Runtime,,316,,,3
me.zhyd.oauth.model.AuthCallback$AuthCallbackBuilder,363,2,35,,
me.zhyd.oauth.model.AuthCallback$AuthCallbackBuilder,364,4,0,,
me.zhyd.oauth.model.AuthCallback$AuthCallbackBuilder,365,4,1,,
me.zhyd.oauth.model.AuthCallback$AuthCallbackBuilder,366,4,1,,
me.zhyd.oauth.model.AuthCallback$AuthCallbackBuilder,367,,0,KILLED,
me.zhyd.oauth.model.AuthCallback,368,2,26,,
me.zhyd.oauth.model.AuthCallback,369,4,10,,
me.zhyd.oauth.model.AuthCallback,370,4,1,,
me.zhyd.oauth.model.AuthCallback,371,5,32,,
me.zhyd.oauth.model.AuthCallback,372,5,2,,
me.zhyd.oauth.model.AuthCallback,373,5,0,KILLED,
me.zhyd.oauth.utils.UrlBuilder,374,2,120,,
me.zhyd.oauth.utils.UrlBuilder,375,5,11,,
me.zhyd.oauth.utils.UrlBuilder,376,6,11,,
me.zhyd.oauth.utils.UrlBuilder,377,6,14,,
me.zhyd.oauth.utils.UrlBuilder,378,6,6,,
me.zhyd.oauth.utils.UrlBuilder,379,6,6,,
me.zhyd.oauth.utils.UrlBuilder,380,7,5,,
me.zhyd.oauth.utils.UrlBuilder,381,7,7,,
Group Runtime,,364,,,8
me.zhyd.oauth.utils.AuthScopeUtils,386,2,62,,
me.zhyd.oauth.utils.AuthScopeUtils,387,4,7,,
me.zhyd.oauth.utils.AuthScopeUtils,388,4,8,,
Group Runtime,,209,,,3
me.zhyd.oauth.request.AuthMeituanRequest,389,3,61,,
Group Runtime,,181,,,1
me.zhyd.oauth.request.AuthLineRequest,393,3,56,SURVIVED,
me.zhyd.oauth.config.AuthDefaultSource$45,397,7,55,,
me.zhyd.oauth.config.AuthDefaultSource$45,398,4,7,,
Group Runtime,,186,,,2
me.zhyd.oauth.config.AuthDefaultSource$46,399,7,54,,
me.zhyd.oauth.config.AuthDefaultSource$46,400,4,8,,
Group Runtime,,188,,,2
me.zhyd.oauth.request.AuthProginnRequest,401,3,61,,
me.zhyd.oauth.cache.AuthDefaultCache$CacheState,402,2,78,,
me.zhyd.oauth.cache.AuthDefaultCache$CacheState,403,4,1,,
me.zhyd.oauth.cache.AuthDefaultCache$CacheState,404,4,71,,
me.zhyd.oauth.cache.AuthDefaultCache$CacheState,405,5,2,,
me.zhyd.oauth.cache.AuthDefaultCache$CacheState,406,5,2,,
me.zhyd.oauth.model.AuthResponse,407,2,36,,
me.zhyd.oauth.model.AuthResponse,408,4,44,,
me.zhyd.oauth.model.AuthResponse,409,6,2,,
me.zhyd.oauth.model.AuthResponse,410,4,0,,
Group Runtime,,220,,,4
me.zhyd.oauth.config.AuthDefaultSource$50,415,7,54,,
me.zhyd.oauth.config.AuthDefaultSource$50,416,4,8,,
me.zhyd.oauth.config.AuthDefaultSource$43,422,8,55,,
me.zhyd.oauth.config.AuthDefaultSource$43,423,4,7,,
Group Runtime,,184,,,2
me.zhyd.oauth.config.AuthDefaultSource$42,424,8,55,,
me.zhyd.oauth.config.AuthDefaultSource$42,425,4,7,,
Group Runtime,,191,,,2
me.zhyd.oauth.config.AuthDefaultSource$44,426,8,58,,
me.zhyd.oauth.config.AuthDefaultSource$44,427,4,7,,
Group Runtime,,188,,,2
me.zhyd.oauth.config.AuthDefaultSource$41,428,7,55,,
me.zhyd.oauth.config.AuthDefaultSource$41,429,4,0,KILLED,
me.zhyd.oauth.config.AuthDefaultSource$40,430,8,55,,
me.zhyd.oauth.config.AuthDefaultSource$40,431,4,7,,
Group Runtime,,183,,,2
me.zhyd.oauth.config.AuthDefaultSource$12,432,8,55,,
me.zhyd.oauth.config.AuthDefaultSource$12,433,4,0,KILLED,
me.zhyd.oauth.config.AuthDefaultSource$19,436,7,55,,
me.zhyd.oauth.config.AuthDefaultSource$19,437,4,0,KILLED,
me.zhyd.oauth.config.AuthDefaultSource$14,438,7,54,,
me.zhyd.oauth.config.AuthDefaultSource$14,439,4,0,KILLED,
me.zhyd.oauth.config.AuthDefaultSource$13,440,9,55,,
me.zhyd.oauth.config.AuthDefaultSource$13,441,4,4,,
Group Runtime,,185,,,2
me.zhyd.oauth.config.AuthDefaultSource$34,442,7,55,,
me.zhyd.oauth.config.AuthDefaultSource$34,443,4,6,,
me.zhyd.oauth.config.AuthDefaultSource$39,444,7,55,,
me.zhyd.oauth.config.AuthDefaultSource$39,445,4,6,KILLED,
me.zhyd.oauth.config.AuthDefaultSource$36,446,8,54,,
me.zhyd.oauth.config.AuthDefaultSource$36,447,4,6,,
me.zhyd.oauth.config.AuthDefaultSource$37,448,7,56,,
me.zhyd.oauth.config.AuthDefaultSource$37,449,4,6,KILLED,
me.zhyd.oauth.config.AuthDefaultSource$21,451,8,55,,
me.zhyd.oauth.config.AuthDefaultSource$21,452,4,4,,
me.zhyd.oauth.config.AuthDefaultSource$20,453,7,54,,
me.zhyd.oauth.config.AuthDefaultSource$20,454,4,0,KILLED,
me.zhyd.oauth.config.AuthDefaultSource$22,455,8,54,,
me.zhyd.oauth.config.AuthDefaultSource$22,456,4,5,,
Group Runtime,,183,,,2
me.zhyd.oauth.config.AuthDefaultSource$29,457,7,54,,
me.zhyd.oauth.config.AuthDefaultSource$29,458,4,6,,
Group Runtime,,190,,,2
me.zhyd.oauth.config.AuthDefaultSource$28,459,8,55,,
me.zhyd.oauth.config.AuthDefaultSource$28,460,5,5,,
Group Runtime,,191,,,2
me.zhyd.oauth.config.AuthDefaultSource$25,461,7,55,,
me.zhyd.oauth.config.AuthDefaultSource$25,462,4,0,KILLED,
me.zhyd.oauth.config.AuthDefaultSource$24,463,8,56,,
me.zhyd.oauth.config.AuthDefaultSource$24,464,4,5,KILLED,
me.zhyd.oauth.cache.AuthDefaultStateCache,465,2,76,,
me.zhyd.oauth.cache.AuthDefaultStateCache,466,4,0,,
me.zhyd.oauth.cache.AuthDefaultStateCache,467,4,1,,
me.zhyd.oauth.cache.AuthDefaultStateCache,468,4,50,,
me.zhyd.oauth.cache.AuthDefaultStateCache,469,5,1,,
Group Runtime,,282,,,5
me.zhyd.oauth.config.AuthDefaultSource$3,472,8,56,,
me.zhyd.oauth.config.AuthDefaultSource$3,473,4,0,KILLED,
me.zhyd.oauth.enums.scope.AuthMicrosoftScope,476,2,60,,
me.zhyd.oauth.enums.scope.AuthMicrosoftScope,477,6,7,,
me.zhyd.oauth.enums.scope.AuthMicrosoftScope,478,6,6,,
Group Runtime,,208,,,3
me.zhyd.oauth.enums.scope.AuthLineScope,479,2,59,,
me.zhyd.oauth.enums.scope.AuthLineScope,480,4,6,,
me.zhyd.oauth.enums.scope.AuthLineScope,481,4,6,,
Group Runtime,,199,,,3
me.zhyd.oauth.enums.scope.AuthProginnScope,482,2,60,,
me.zhyd.oauth.enums.scope.AuthProginnScope,483,4,6,,
me.zhyd.oauth.enums.scope.AuthProginnScope,484,4,7,,
Group Runtime,,198,,,3
me.zhyd.oauth.enums.scope.AuthMiScope,485,2,61,,
me.zhyd.oauth.enums.scope.AuthMiScope,486,4,7,,
me.zhyd.oauth.enums.scope.AuthMiScope,487,4,5,,
Group Runtime,,203,,,3
me.zhyd.oauth.request.AuthWeChatEnterpriseQrcodeV2Request,492,3,60,,
me.zhyd.oauth.request.AuthWeChatEnterpriseQrcodeV2Request,493,4,7,,
me.zhyd.oauth.request.AuthWeChatEnterpriseQrcodeV2Request,494,4,6,,
me.zhyd.oauth.config.AuthDefaultSource$9,495,7,55,,
me.zhyd.oauth.config.AuthDefaultSource$9,496,4,0,KILLED,
me.zhyd.oauth.enums.scope.AuthFacebookScope,497,2,61,,
me.zhyd.oauth.enums.scope.AuthFacebookScope,498,5,6,,
me.zhyd.oauth.enums.scope.AuthFacebookScope,499,5,6,,
Group Runtime,,205,,,3
me.zhyd.oauth.enums.scope.AuthHuaweiV3Scope,500,2,61,,
me.zhyd.oauth.enums.scope.AuthHuaweiV3Scope,501,4,7,,
me.zhyd.oauth.enums.scope.AuthHuaweiV3Scope,502,5,6,,
Group Runtime,,202,,,3
me.zhyd.oauth.enums.scope.AuthWeChatEnterpriseWebScope,503,2,59,,
me.zhyd.oauth.enums.scope.AuthWeChatEnterpriseWebScope,504,4,8,,
me.zhyd.oauth.enums.scope.AuthWeChatEnterpriseWebScope,505,4,7,,
Group Runtime,,201,,,3
me.zhyd.oauth.enums.scope.AuthGithubScope,506,2,61,,
me.zhyd.oauth.enums.scope.AuthGithubScope,507,5,7,,
Group Runtime,,192,,,2
me.zhyd.oauth.enums.scope.AuthBaiduScope,508,2,60,,
me.zhyd.oauth.enums.scope.AuthBaiduScope,509,4,7,,
me.zhyd.oauth.enums.scope.AuthBaiduScope,510,5,6,,
Group Runtime,,204,,,3
me.zhyd.oauth.config.AuthDefaultSource$47,511,7,55,,
me.zhyd.oauth.config.AuthDefaultSource$47,512,4,7,,
Group Runtime,,184,,,2
me.zhyd.oauth.enums.scope.AuthSlackScope,513,3,60,,
me.zhyd.oauth.enums.scope.AuthSlackScope,514,12,6,,
me.zhyd.oauth.enums.scope.AuthSlackScope,515,12,7,,
Group Runtime,,226,,,3
me.zhyd.oauth.enums.scope.AuthFigmaScope,516,2,61,,
me.zhyd.oauth.enums.scope.AuthFigmaScope,517,4,6,,
me.zhyd.oauth.enums.scope.AuthFigmaScope,518,4,6,,
me.zhyd.oauth.enums.scope.AuthGiteeScope,519,2,61,,
me.zhyd.oauth.enums.scope.AuthGiteeScope,520,5,8,,
me.zhyd.oauth.enums.scope.AuthGiteeScope,521,5,7,,
Group Runtime,,205,,,3
me.zhyd.oauth.enums.scope.AuthCodingScope,522,2,62,,
me.zhyd.oauth.enums.scope.AuthCodingScope,523,4,8,,
Group Runtime,,188,,,2
me.zhyd.oauth.enums.scope.AuthRenrenScope,524,2,61,,
me.zhyd.oauth.enums.scope.AuthRenrenScope,525,5,6,,
Group Runtime,,190,,,2
me.zhyd.oauth.enums.scope.AuthDouyinScope,526,2,59,,
me.zhyd.oauth.enums.scope.AuthDouyinScope,527,5,7,,
me.zhyd.oauth.enums.scope.AuthDouyinScope,528,5,6,,
Group Runtime,,204,,,3
me.zhyd.oauth.enums.scope.AuthJdScope,529,2,60,,
me.zhyd.oauth.enums.scope.AuthJdScope,530,4,7,,
me.zhyd.oauth.enums.scope.AuthJdScope,531,4,6,,
Group Runtime,,200,,,3
me.zhyd.oauth.config.AuthDefaultSource$10,532,7,57,,
me.zhyd.oauth.config.AuthDefaultSource$10,533,4,0,KILLED,
me.zhyd.oauth.config.AuthDefaultSource$11,534,8,55,,
me.zhyd.oauth.config.AuthDefaultSource$11,535,4,6,,
Group Runtime,,186,,,2
me.zhyd.oauth.config.AuthDefaultSource$17,536,7,55,,
me.zhyd.oauth.config.AuthDefaultSource$17,537,4,4,,
Group Runtime,,185,,,2
me.zhyd.oauth.config.AuthDefaultSource$16,538,8,57,,
me.zhyd.oauth.config.AuthDefaultSource$16,539,4,4,,
Group Runtime,,184,,,2
me.zhyd.oauth.enums.scope.AuthAppleScope,540,2,61,,
me.zhyd.oauth.enums.scope.AuthAppleScope,541,4,6,,
me.zhyd.oauth.enums.scope.AuthAppleScope,542,4,6,,
Group Runtime,,201,,,3
me.zhyd.oauth.enums.scope.AuthWeiboScope,543,2,60,,
me.zhyd.oauth.enums.scope.AuthWeiboScope,544,5,7,,
me.zhyd.oauth.enums.scope.AuthWeiboScope,545,5,6,,
Group Runtime,,205,,,3
me.zhyd.oauth.enums.scope.AuthHuaweiScope,546,2,62,,
me.zhyd.oauth.enums.scope.AuthHuaweiScope,547,5,6,,
me.zhyd.oauth.enums.scope.AuthHuaweiScope,548,5,6,,
Group Runtime,,205,,,3
me.zhyd.oauth.enums.scope.AuthQqScope,549,2,59,,
me.zhyd.oauth.enums.scope.AuthQqScope,550,4,7,,
me.zhyd.oauth.enums.scope.AuthQqScope,551,5,6,,
Group Runtime,,201,,,3
me.zhyd.oauth.enums.scope.AuthStackoverflowScope,552,2,59,,
me.zhyd.oauth.enums.scope.AuthStackoverflowScope,553,4,7,,
me.zhyd.oauth.enums.scope.AuthStackoverflowScope,554,4,7,,
Group Runtime,,202,,,3
me.zhyd.oauth.enums.scope.AuthKujialeScope,555,2,61,,
me.zhyd.oauth.enums.scope.AuthKujialeScope,556,4,7,,
me.zhyd.oauth.enums.scope.AuthKujialeScope,557,4,6,,
Group Runtime,,203,,,3
me.zhyd.oauth.enums.scope.AuthOktaScope,558,2,59,,
me.zhyd.oauth.enums.scope.AuthOktaScope,559,7,7,,
me.zhyd.oauth.enums.scope.AuthOktaScope,560,6,7,,
Group Runtime,,215,,,3
me.zhyd.oauth.config.AuthDefaultSource$33,565,7,55,,
me.zhyd.oauth.config.AuthDefaultSource$33,566,4,0,KILLED,
me.zhyd.oauth.enums.scope.AuthAmazonScope,567,2,59,,
me.zhyd.oauth.enums.scope.AuthAmazonScope,568,4,6,,
me.zhyd.oauth.enums.scope.AuthAmazonScope,569,4,6,,
Group Runtime,,199,,,3
me.zhyd.oauth.config.AuthDefaultSource$30,570,7,57,,
me.zhyd.oauth.config.AuthDefaultSource$30,571,4,6,,
Group Runtime,,186,,,2
me.zhyd.oauth.enums.scope.AuthGitlabScope,572,2,61,,
me.zhyd.oauth.enums.scope.AuthGitlabScope,573,6,7,,
me.zhyd.oauth.enums.scope.AuthGitlabScope,574,5,6,,
Group Runtime,,211,,,3
me.zhyd.oauth.config.AuthDefaultSource$35,575,7,55,,
me.zhyd.oauth.config.AuthDefaultSource$35,576,4,0,KILLED,
me.zhyd.oauth.config.AuthDefaultSource$38,577,7,39,,
me.zhyd.oauth.config.AuthDefaultSource$38,578,4,42,,
me.zhyd.oauth.config.AuthDefaultSource$38,579,5,4,,
Group Runtime,,222,,,3
me.zhyd.oauth.config.AuthDefaultSource$23,580,7,56,,
me.zhyd.oauth.config.AuthDefaultSource$23,581,4,5,,
Group Runtime,,189,,,2
me.zhyd.oauth.enums.scope.AuthLinkedinScope,582,2,60,,
me.zhyd.oauth.enums.scope.AuthLinkedinScope,583,5,7,,
me.zhyd.oauth.enums.scope.AuthLinkedinScope,584,5,6,,
me.zhyd.oauth.enums.scope.AuthPinterestScope,585,2,59,,
me.zhyd.oauth.enums.scope.AuthPinterestScope,586,4,6,,
me.zhyd.oauth.enums.scope.AuthPinterestScope,587,4,6,,
Group Runtime,,205,,,3
me.zhyd.oauth.config.AuthDefaultSource$26,590,7,54,,
me.zhyd.oauth.config.AuthDefaultSource$26,591,4,0,KILLED,
me.zhyd.oauth.enums.scope.AuthDingTalkScope,592,2,60,,
me.zhyd.oauth.enums.scope.AuthDingTalkScope,593,4,7,,
me.zhyd.oauth.enums.scope.AuthDingTalkScope,594,4,6,,
Group Runtime,,198,,,3
me.zhyd.oauth.enums.scope.AuthWechatMpScope,595,2,60,,
me.zhyd.oauth.enums.scope.AuthWechatMpScope,596,4,7,,
me.zhyd.oauth.enums.scope.AuthWechatMpScope,597,4,6,,
Group Runtime,,203,,,3
me.zhyd.oauth.config.AuthDefaultSource$4,598,8,55,,
me.zhyd.oauth.config.AuthDefaultSource$4,599,4,2,KILLED,
me.zhyd.oauth.config.AuthDefaultSource$49,600,7,54,,
me.zhyd.oauth.config.AuthDefaultSource$49,601,4,8,,
Group Runtime,,185,,,2
me.zhyd.oauth.config.AuthDefaultSource$15,603,7,55,,
me.zhyd.oauth.config.AuthDefaultSource$15,604,4,4,,
Group Runtime,,185,,,2
me.zhyd.oauth.request.AuthMicrosoftRequest,605,3,60,,
me.zhyd.oauth.request.AuthMicrosoftRequest,606,4,6,,
me.zhyd.oauth.request.AuthMicrosoftRequest,607,4,6,,
me.zhyd.oauth.request.AuthMicrosoftCnRequest,608,3,59,,
me.zhyd.oauth.request.AuthMicrosoftCnRequest,609,4,5,,
me.zhyd.oauth.request.AuthMicrosoftCnRequest,610,4,7,,
Group Runtime,,195,,,3
me.zhyd.oauth.enums.AuthResponseStatus,612,2,80,,
me.zhyd.oauth.enums.AuthResponseStatus,613,5,0,,
Group Runtime,,204,,,2
me.zhyd.oauth.utils.AuthStateUtils,615,2,36,KILLED,
me.zhyd.oauth.request.AuthWeChatEnterpriseQrcodeRequest,616,3,60,,
Total Runtime,,3767,18043,27,544
Complete Runtime,,63,,,
