org.zalando.riptide.EqualityNavigator,177,18,459,,
org.zalando.riptide.EqualityNavigator,179,32,355,,
org.zalando.riptide.EqualityNavigator,178,33,364,,
org.zalando.riptide.Http,176,34,1896,,
org.zalando.riptide.RoutingTree,28,56,14,,
org.zalando.riptide.RoutingTree,37,60,20,,
org.zalando.riptide.RoutingTree,35,56,16,,
org.zalando.riptide.RoutingTree,25,57,43,,
org.zalando.riptide.RoutingTree,30,58,3,,
org.zalando.riptide.RoutingTree,36,57,25,,
org.zalando.riptide.RoutingTree,24,66,732,,
org.zalando.riptide.RoutingTree,26,57,20,,
org.zalando.riptide.RoutingTree,34,56,20,,
org.zalando.riptide.RoutingTree,32,58,7,,
org.zalando.riptide.RoutingTree,27,60,18,,
org.zalando.riptide.RoutingTree,38,62,21,,
org.zalando.riptide.RoutingTree,33,61,21,,
org.zalando.riptide.RoutingTree,29,63,6,,
org.zalando.riptide.RoutingTree,31,71,4,,
org.zalando.riptide.DefaultHttp,137,48,9,,
org.zalando.riptide.DefaultHttp,140,47,2,,
org.zalando.riptide.DefaultHttp,136,63,1574,,
org.zalando.riptide.DefaultHttp,143,50,2,,
org.zalando.riptide.DefaultHttp,152,47,2,,
org.zalando.riptide.DefaultHttp,151,46,2,,
org.zalando.riptide.DefaultHttp,157,46,2,,
org.zalando.riptide.DefaultHttp,156,46,7,,
org.zalando.riptide.DefaultHttp,148,47,2,,
org.zalando.riptide.DefaultHttp,132,46,2,,
org.zalando.riptide.DefaultHttp,130,46,2,,
org.zalando.riptide.DefaultHttp,139,47,378,,
org.zalando.riptide.DefaultHttp,145,46,2,,
org.zalando.riptide.DefaultHttp,133,46,104,,
org.zalando.riptide.DefaultHttp,134,46,566,,
org.zalando.riptide.DefaultHttp,146,43,2,,
org.zalando.riptide.DefaultHttp,149,42,2,,
org.zalando.riptide.DefaultHttp,138,42,68,,
org.zalando.riptide.DefaultHttp,131,42,5,,
org.zalando.riptide.DefaultHttp,144,43,3,,
org.zalando.riptide.DefaultHttp,154,42,2,,
org.zalando.riptide.DefaultHttp,153,43,5,,
org.zalando.riptide.DefaultHttp,155,43,2,,
org.zalando.riptide.DefaultHttp,141,42,10,,
org.zalando.riptide.DefaultHttp,135,44,903,,
org.zalando.riptide.DefaultHttp,142,47,2,,
org.zalando.riptide.DefaultHttp,147,45,4,,
org.zalando.riptide.DefaultHttp,150,47,8,,
org.zalando.riptide.IO,175,42,1551,,
org.zalando.riptide.ContentTypeNavigator,92,42,10,,
org.zalando.riptide.ContentTypeNavigator,96,43,16,,
org.zalando.riptide.ContentTypeNavigator,94,43,31,,
org.zalando.riptide.ContentTypeNavigator,95,43,16,,
org.zalando.riptide.ContentTypeNavigator,93,45,9,,
org.zalando.riptide.ContentTypeNavigator,90,44,15,,
org.zalando.riptide.ContentTypeNavigator,89,43,32,,
org.zalando.riptide.ContentTypeNavigator,91,43,31,,
org.zalando.riptide.PartialBinding,221,43,477,,
org.zalando.riptide.PartialBinding,222,67,18,,
org.zalando.riptide.PartialBinding,217,42,9,,
org.zalando.riptide.PartialBinding,220,42,3,,
org.zalando.riptide.PartialBinding,219,42,435,,
org.zalando.riptide.PartialBinding,218,78,17,,
org.zalando.riptide.RequestArguments,215,47,1813,,
org.zalando.riptide.DefaultMessageReader,122,42,2,,
org.zalando.riptide.DefaultMessageReader,128,44,4,,
org.zalando.riptide.DefaultMessageReader,127,43,4,,
org.zalando.riptide.DefaultMessageReader,120,43,31,,
org.zalando.riptide.DefaultMessageReader,119,43,35,,
org.zalando.riptide.DefaultMessageReader,121,45,2,,
org.zalando.riptide.DefaultMessageReader,125,45,28,,
org.zalando.riptide.DefaultMessageReader,124,48,41,,
org.zalando.riptide.DefaultMessageReader,118,45,2,,
org.zalando.riptide.DefaultMessageReader,123,44,29,,
org.zalando.riptide.DefaultMessageReader,126,45,31,,
org.zalando.riptide.Binding,51,44,435,,
org.zalando.riptide.Binding,50,45,387,,
org.zalando.riptide.Binding,52,46,585,,
org.zalando.riptide.Requester,71,43,3,,
org.zalando.riptide.Requester,68,45,7,,
org.zalando.riptide.Requester,67,46,8,,
org.zalando.riptide.Requester,62,46,18,,
org.zalando.riptide.Requester,74,47,3,,
org.zalando.riptide.Requester,75,46,7,,
org.zalando.riptide.Requester,70,47,3,,
org.zalando.riptide.Requester,79,47,19,,
org.zalando.riptide.Requester,65,49,4,,
org.zalando.riptide.Requester,60,47,3,,
org.zalando.riptide.Requester,64,48,1817,,
org.zalando.riptide.Requester,72,86,3,,
org.zalando.riptide.Requester,73,47,3,,
org.zalando.riptide.Requester,66,47,7,,
org.zalando.riptide.Requester,61,48,1,,
org.zalando.riptide.Requester,59,48,3,,
org.zalando.riptide.Requester,76,48,3,,
org.zalando.riptide.Requester,69,48,3,,
org.zalando.riptide.Requester,63,52,1842,,
org.zalando.riptide.Requester,78,77,3,,
org.zalando.riptide.Requester,77,47,3,,
org.zalando.riptide.Bindings,97,44,43,,
org.zalando.riptide.Bindings,99,47,11,,
org.zalando.riptide.Bindings,102,47,4,,
org.zalando.riptide.Bindings,101,47,33,,
org.zalando.riptide.Bindings,98,50,43,,
org.zalando.riptide.Bindings,103,48,390,,
org.zalando.riptide.Bindings,100,59,11,,
org.zalando.riptide.UrlResolution$2,268,45,451,,
org.zalando.riptide.UrlResolution$2,267,80,474,,
org.zalando.riptide.Navigators,7,44,162,,
org.zalando.riptide.Navigators,4,44,33,,
org.zalando.riptide.Navigators,5,46,100,,
org.zalando.riptide.Navigators,6,51,116,,
org.zalando.riptide.Navigators,8,57,113,,
org.zalando.riptide.DefaultHttpBuilder,191,44,2149,,
org.zalando.riptide.DefaultHttpBuilder,211,53,2366,,
org.zalando.riptide.DefaultHttpBuilder,202,45,1980,,
org.zalando.riptide.DefaultHttpBuilder,196,59,2806,,
org.zalando.riptide.DefaultHttpBuilder,195,58,2126,,
org.zalando.riptide.DefaultHttpBuilder,192,54,2034,,
org.zalando.riptide.DefaultHttpBuilder,200,65,5,,
org.zalando.riptide.DefaultHttpBuilder,190,50,2209,,
org.zalando.riptide.DefaultHttpBuilder,197,58,2936,,
org.zalando.riptide.DefaultHttpBuilder,208,79,2,,
org.zalando.riptide.DefaultHttpBuilder,214,47,1140,,
org.zalando.riptide.DefaultHttpBuilder,209,53,7,,
org.zalando.riptide.DefaultHttpBuilder,213,64,2076,,
org.zalando.riptide.DefaultHttpBuilder,199,54,1784,,
org.zalando.riptide.DefaultHttpBuilder,206,54,2055,,
org.zalando.riptide.DefaultHttpBuilder,204,50,1,,
org.zalando.riptide.DefaultHttpBuilder,201,49,3015,,
org.zalando.riptide.DefaultHttpBuilder,198,56,3071,,
org.zalando.riptide.DefaultHttpBuilder,203,52,1901,,
org.zalando.riptide.DefaultHttpBuilder,205,69,1828,,
org.zalando.riptide.DefaultHttpBuilder,210,50,2924,,
org.zalando.riptide.DefaultHttpBuilder,212,81,1725,,
org.zalando.riptide.DefaultHttpBuilder,194,49,1968,,
org.zalando.riptide.DefaultHttpBuilder,193,60,2,,
org.zalando.riptide.DefaultHttpBuilder,207,46,2817,,
org.zalando.riptide.ReasonPhraseNavigator,180,44,76,,
org.zalando.riptide.NoopRoute,42,44,1,,
org.zalando.riptide.SerializationPlugin$SerializingEntity,270,43,4,,
org.zalando.riptide.SerializationPlugin$SerializingEntity,269,45,4,,
org.zalando.riptide.SerializationPlugin$SerializingEntity,271,46,1681,,
org.zalando.riptide.SeriesNavigator,129,44,78,,
org.zalando.riptide.PassRoute,40,45,1309,,
org.zalando.riptide.PassRoute,41,71,1824,,
org.zalando.riptide.PassRoute,39,51,1510,,
org.zalando.riptide.DefaultMessageWriter,110,46,19,,
org.zalando.riptide.DefaultMessageWriter,107,47,5,,
org.zalando.riptide.DefaultMessageWriter,106,47,14,,
org.zalando.riptide.DefaultMessageWriter,112,47,5,,
org.zalando.riptide.DefaultMessageWriter,111,47,28,,
org.zalando.riptide.DefaultMessageWriter,113,47,16,,
org.zalando.riptide.DefaultMessageWriter,109,48,3,,
org.zalando.riptide.DefaultMessageWriter,114,48,1823,,
org.zalando.riptide.DefaultMessageWriter,108,81,2,,
org.zalando.riptide.NoWildcardException,43,45,16,,
org.zalando.riptide.GuardedRequestExecution,104,45,151,,
org.zalando.riptide.GuardedRequestExecution,105,51,2808,,
org.zalando.riptide.HttpResponseException,182,48,16,,
org.zalando.riptide.HttpResponseException,188,49,14,,
org.zalando.riptide.HttpResponseException,185,50,2,,
org.zalando.riptide.HttpResponseException,186,50,2,,
org.zalando.riptide.HttpResponseException,183,49,2,,
org.zalando.riptide.HttpResponseException,184,49,2,,
org.zalando.riptide.HttpResponseException,189,52,16,,
org.zalando.riptide.HttpResponseException,187,49,1,,
org.zalando.riptide.HttpResponseException,181,49,15,,
org.zalando.riptide.Plugin,85,46,3002,,
org.zalando.riptide.Plugin,87,53,2026,,
org.zalando.riptide.Plugin,83,51,2212,,
org.zalando.riptide.Plugin,84,78,3232,,
org.zalando.riptide.Plugin,86,78,3763,,
org.zalando.riptide.Plugin,88,49,3,,
org.zalando.riptide.StatusNavigator,216,46,45,,
org.zalando.riptide.AsyncPlugin,115,49,2510,,
org.zalando.riptide.ForwardingClientHttpResponse,58,46,1,,
org.zalando.riptide.ForwardingClientHttpResponse,56,48,1,,
org.zalando.riptide.ForwardingClientHttpResponse,54,48,1,,
org.zalando.riptide.ForwardingClientHttpResponse,57,50,1,,
org.zalando.riptide.ForwardingClientHttpResponse,55,49,1,,
org.zalando.riptide.ForwardingClientHttpResponse,53,48,1,,
org.zalando.riptide.DispatchPlugin,9,46,2892,,
org.zalando.riptide.DispatchPlugin,11,79,2269,,
org.zalando.riptide.DispatchPlugin,10,58,1847,,
org.zalando.riptide.DispatchPlugin,12,52,2989,,
org.zalando.riptide.UrlResolution$1,262,47,360,,
org.zalando.riptide.SerializationPlugin,1,49,2846,,
org.zalando.riptide.SerializationPlugin,2,80,2808,,
org.zalando.riptide.SerializationPlugin,0,80,3362,,
org.zalando.riptide.Route,170,56,4,,
org.zalando.riptide.Route,171,57,4,,
org.zalando.riptide.Route,174,57,9,,
org.zalando.riptide.Route,166,58,24,,
org.zalando.riptide.Route,172,60,95,,
org.zalando.riptide.Route,167,56,17,,
org.zalando.riptide.Route,169,58,3,,
org.zalando.riptide.Route,173,53,26,,
org.zalando.riptide.Route,168,55,302,,
org.zalando.riptide.Types,260,47,2,,
org.zalando.riptide.Types,261,48,2,,
org.zalando.riptide.Types,259,46,12,,
org.zalando.riptide.Types,258,48,10,,
org.zalando.riptide.Attribute,272,44,3,,
org.zalando.riptide.OriginalStackTracePlugin,44,46,2484,,
org.zalando.riptide.OriginalStackTracePlugin,48,62,3396,,
org.zalando.riptide.OriginalStackTracePlugin,46,72,3584,,
org.zalando.riptide.OriginalStackTracePlugin,45,49,269,,
org.zalando.riptide.OriginalStackTracePlugin,47,72,159,,
org.zalando.riptide.BlockingIO,255,48,2581,,
org.zalando.riptide.BlockingIO,257,81,2277,,
org.zalando.riptide.BlockingIO,256,81,2127,,
org.zalando.riptide.Requester$ResponseDispatcher,3,47,3144,,
org.zalando.riptide.CharsetExtractor,254,47,10,,
org.zalando.riptide.CompositePlugin,161,48,2173,,
org.zalando.riptide.CompositePlugin,164,52,3038,,
org.zalando.riptide.CompositePlugin,162,54,3491,,
org.zalando.riptide.CompositePlugin,159,76,2246,,
org.zalando.riptide.CompositePlugin,160,55,2433,,
org.zalando.riptide.CompositePlugin,158,51,3250,,
org.zalando.riptide.CompositePlugin,163,70,3455,,
org.zalando.riptide.CompositePlugin,165,67,2379,,
org.zalando.riptide.DefaultRequestArguments,223,53,7,,
org.zalando.riptide.DefaultRequestArguments,246,54,718,,
org.zalando.riptide.DefaultRequestArguments,245,54,1,,
org.zalando.riptide.DefaultRequestArguments,228,53,7,,
org.zalando.riptide.DefaultRequestArguments,235,55,577,,
org.zalando.riptide.DefaultRequestArguments,225,54,23,,
org.zalando.riptide.DefaultRequestArguments,224,56,3,,
org.zalando.riptide.DefaultRequestArguments,249,57,6,,
org.zalando.riptide.DefaultRequestArguments,247,57,3082,,
org.zalando.riptide.DefaultRequestArguments,234,54,1150,,
org.zalando.riptide.DefaultRequestArguments,253,62,1,,
org.zalando.riptide.DefaultRequestArguments,242,54,11,,
org.zalando.riptide.DefaultRequestArguments,239,58,161,,
org.zalando.riptide.DefaultRequestArguments,244,55,1,,
org.zalando.riptide.DefaultRequestArguments,240,55,1,,
org.zalando.riptide.DefaultRequestArguments,250,54,8,,
org.zalando.riptide.DefaultRequestArguments,241,62,2534,,
org.zalando.riptide.DefaultRequestArguments,233,85,2724,,
org.zalando.riptide.DefaultRequestArguments,243,91,8,,
org.zalando.riptide.DefaultRequestArguments,227,57,23,,
org.zalando.riptide.DefaultRequestArguments,251,59,3,,
org.zalando.riptide.DefaultRequestArguments,252,59,1,,
org.zalando.riptide.DefaultRequestArguments,231,57,2309,,
org.zalando.riptide.DefaultRequestArguments,237,87,2740,,
org.zalando.riptide.DefaultRequestArguments,229,78,1831,,
org.zalando.riptide.DefaultRequestArguments,236,62,2917,,
org.zalando.riptide.DefaultRequestArguments,248,84,17,,
org.zalando.riptide.DefaultRequestArguments,232,60,2215,,
org.zalando.riptide.DefaultRequestArguments,238,88,194,,
org.zalando.riptide.DefaultRequestArguments,230,74,2517,,
org.zalando.riptide.DefaultRequestArguments,226,71,2244,,
org.zalando.riptide.DefaultRoutingTree,21,50,14,,
org.zalando.riptide.DefaultRoutingTree,17,53,22,,
org.zalando.riptide.DefaultRoutingTree,20,52,12,,
org.zalando.riptide.DefaultRoutingTree,15,52,7,,
org.zalando.riptide.DefaultRoutingTree,22,51,24,,
org.zalando.riptide.DefaultRoutingTree,16,51,30,,
org.zalando.riptide.DefaultRoutingTree,14,54,163,,
org.zalando.riptide.DefaultRoutingTree,23,55,752,,
org.zalando.riptide.DefaultRoutingTree,19,72,350,,
org.zalando.riptide.DefaultRoutingTree,13,62,188,,
org.zalando.riptide.DefaultRoutingTree,18,54,31,,
org.zalando.riptide.DispatchStage,81,51,1015,,
org.zalando.riptide.DispatchStage,80,82,669,,
org.zalando.riptide.DispatchStage,82,53,1044,,
org.zalando.riptide.AsyncPlugin,117,50,2853,,
org.zalando.riptide.AsyncPlugin,116,57,2379,,
org.zalando.riptide.CompletableFutures,263,49,150,,
org.zalando.riptide.CompletableFutures,266,59,3003,TIMED_OUT,
org.zalando.riptide.CompletableFutures,265,7,0,TIMED_OUT,
org.zalando.riptide.CompletableFutures,264,10,15,,
org.zalando.riptide.StatusCodeNavigator,49,18,7,,
Group Runtime,,663,,,2
Total Runtime,,14364,195879,2,273
Complete Runtime,,232,,,
