org.apache.sling.auth.core.impl.SlingAuthenticator,0,11,861,,
org.apache.sling.auth.core.impl.SlingAuthenticator,1,33,231,,
org.apache.sling.auth.core.impl.SlingAuthenticator,2,36,239,,
org.apache.sling.auth.core.impl.SlingAuthenticator,3,34,3135,TIMED_OUT,
org.apache.sling.auth.core.impl.SlingAuthenticator,4,10,0,TIMED_OUT,
org.apache.sling.auth.core.impl.SlingAuthenticator,5,10,0,TIMED_OUT,
org.apache.sling.auth.core.impl.SlingAuthenticator,6,10,817,,
org.apache.sling.auth.core.impl.SlingAuthenticator,7,33,264,,
org.apache.sling.auth.core.impl.SlingAuthenticator,8,42,10,,
org.apache.sling.auth.core.impl.SlingAuthenticator,9,30,232,,
org.apache.sling.auth.core.impl.SlingAuthenticator,10,57,9,,
org.apache.sling.auth.core.impl.SlingAuthenticator,11,49,224,,
org.apache.sling.auth.core.impl.SlingAuthenticator,12,61,233,,
org.apache.sling.auth.core.impl.SlingAuthenticator,13,31,240,,
org.apache.sling.auth.core.impl.SlingAuthenticator,14,38,238,,
org.apache.sling.auth.core.impl.SlingAuthenticator,15,32,71,,
org.apache.sling.auth.core.impl.SlingAuthenticator,16,34,7,,
org.apache.sling.auth.core.impl.SlingAuthenticator,17,33,111,,
org.apache.sling.auth.core.impl.SlingAuthenticator,18,35,111,,
org.apache.sling.auth.core.impl.SlingAuthenticator,19,37,120,,
org.apache.sling.auth.core.impl.SlingAuthenticator,20,35,110,,
org.apache.sling.auth.core.impl.SlingAuthenticator,21,45,242,,
org.apache.sling.auth.core.impl.SlingAuthenticator,22,34,9,TIMED_OUT,
org.apache.sling.auth.core.impl.SlingAuthenticator,23,10,558,,
org.apache.sling.auth.core.impl.SlingAuthenticator,24,30,10,TIMED_OUT,
org.apache.sling.auth.core.impl.SlingAuthenticator,25,10,3482,TIMED_OUT,
org.apache.sling.auth.core.impl.SlingAuthenticator,26,10,805,,
org.apache.sling.auth.core.impl.SlingAuthenticator,27,40,225,,
org.apache.sling.auth.core.impl.SlingAuthenticator,28,32,11,,
org.apache.sling.auth.core.impl.SlingAuthenticator,29,33,10,,
org.apache.sling.auth.core.impl.SlingAuthenticator,30,33,18,,
org.apache.sling.auth.core.impl.SlingAuthenticator,31,32,6,,
org.apache.sling.auth.core.impl.SlingAuthenticator,32,31,397,,
org.apache.sling.auth.core.impl.SlingAuthenticator,33,35,277,,
org.apache.sling.auth.core.impl.SlingAuthenticator,34,55,248,,
org.apache.sling.auth.core.impl.SlingAuthenticator,35,41,239,,
org.apache.sling.auth.core.impl.SlingAuthenticator,36,48,226,,
org.apache.sling.auth.core.impl.SlingAuthenticator,37,37,222,,
org.apache.sling.auth.core.impl.SlingAuthenticator,38,39,3148,TIMED_OUT,
org.apache.sling.auth.core.impl.SlingAuthenticator,39,10,488,,
org.apache.sling.auth.core.impl.SlingAuthenticator,40,27,127,,
org.apache.sling.auth.core.impl.SlingAuthenticator,41,40,111,,
org.apache.sling.auth.core.impl.SlingAuthenticator,42,50,108,,
org.apache.sling.auth.core.impl.SlingAuthenticator,43,74,118,,
org.apache.sling.auth.core.impl.SlingAuthenticator,44,30,110,,
org.apache.sling.auth.core.impl.SlingAuthenticator,45,30,109,,
org.apache.sling.auth.core.impl.SlingAuthenticator,46,30,7,,
org.apache.sling.auth.core.impl.SlingAuthenticator,47,30,109,,
org.apache.sling.auth.core.impl.SlingAuthenticator,48,32,221,,
org.apache.sling.auth.core.impl.SlingAuthenticator,49,35,213,,
org.apache.sling.auth.core.impl.SlingAuthenticator,50,32,3149,TIMED_OUT,
org.apache.sling.auth.core.impl.SlingAuthenticator,51,10,630,,
org.apache.sling.auth.core.impl.SlingAuthenticator,52,36,112,,
org.apache.sling.auth.core.impl.SlingAuthenticator,53,46,3135,TIMED_OUT,
org.apache.sling.auth.core.impl.SlingAuthenticator,54,10,639,,
org.apache.sling.auth.core.impl.SlingAuthenticator,55,36,115,,
org.apache.sling.auth.core.impl.SlingAuthenticator,56,44,111,,
org.apache.sling.auth.core.impl.SlingAuthenticator,57,55,112,,
org.apache.sling.auth.core.impl.SlingAuthenticator,58,61,94,,
org.apache.sling.auth.core.impl.SlingAuthenticator,59,30,7,,
org.apache.sling.auth.core.impl.SlingAuthenticator,60,31,20,,
org.apache.sling.auth.core.impl.SlingAuthenticator,61,32,5,,
org.apache.sling.auth.core.impl.SlingAuthenticator,62,32,5,,
org.apache.sling.auth.core.impl.SlingAuthenticator,63,56,5,,
org.apache.sling.auth.core.impl.SlingAuthenticator,64,33,220,,
org.apache.sling.auth.core.impl.SlingAuthenticator,65,34,8,,
org.apache.sling.auth.core.impl.SlingAuthenticator,66,33,8,,
org.apache.sling.auth.core.impl.SlingAuthenticator,67,34,106,,
org.apache.sling.auth.core.impl.SlingAuthenticator,68,34,107,,
org.apache.sling.auth.core.impl.SlingAuthenticator,69,43,107,,
org.apache.sling.auth.core.impl.SlingAuthenticator,70,43,109,,
org.apache.sling.auth.core.impl.SlingAuthenticator,71,34,106,,
org.apache.sling.auth.core.impl.SlingAuthenticator,72,35,106,,
org.apache.sling.auth.core.impl.SlingAuthenticator,73,36,107,,
org.apache.sling.auth.core.impl.SlingAuthenticator,74,43,9,,
org.apache.sling.auth.core.impl.SlingAuthenticator,75,40,3136,TIMED_OUT,
org.apache.sling.auth.core.impl.SlingAuthenticator,76,11,826,,
org.apache.sling.auth.core.impl.SlingAuthenticator,77,37,18,,
org.apache.sling.auth.core.impl.SlingAuthenticator,78,29,244,,
org.apache.sling.auth.core.impl.SlingAuthenticator,79,47,244,,
org.apache.sling.auth.core.impl.SlingAuthenticator,80,32,229,,
org.apache.sling.auth.core.impl.SlingAuthenticator,81,35,237,,
org.apache.sling.auth.core.impl.SlingAuthenticator,82,30,228,,
org.apache.sling.auth.core.impl.SlingAuthenticator,83,34,236,,
org.apache.sling.auth.core.impl.SlingAuthenticator,84,34,228,,
org.apache.sling.auth.core.impl.SlingAuthenticator,85,34,192,,
org.apache.sling.auth.core.impl.SlingAuthenticator,86,35,114,,
org.apache.sling.auth.core.impl.SlingAuthenticator,87,36,12,,
org.apache.sling.auth.core.impl.SlingAuthenticator,88,37,119,,
org.apache.sling.auth.core.impl.SlingAuthenticator,89,38,124,,
org.apache.sling.auth.core.impl.SlingAuthenticator,90,66,113,,
org.apache.sling.auth.core.impl.SlingAuthenticator,91,36,316,,
org.apache.sling.auth.core.impl.SlingAuthenticator,92,37,252,,
org.apache.sling.auth.core.impl.SlingAuthenticator,93,42,23,,
org.apache.sling.auth.core.impl.SlingAuthenticator,94,37,230,,
org.apache.sling.auth.core.impl.SlingAuthenticator,95,41,233,,
org.apache.sling.auth.core.impl.SlingAuthenticator,96,39,0,TIMED_OUT,
org.apache.sling.auth.core.impl.SlingAuthenticator,97,10,647,,
org.apache.sling.auth.core.impl.SlingAuthenticator,98,34,0,TIMED_OUT,
org.apache.sling.auth.core.impl.SlingAuthenticator,99,10,0,TIMED_OUT,
org.apache.sling.auth.core.impl.SlingAuthenticator,100,10,645,,
org.apache.sling.auth.core.impl.SlingAuthenticator,101,33,111,,
org.apache.sling.auth.core.impl.SlingAuthenticator,102,45,0,TIMED_OUT,
org.apache.sling.auth.core.impl.SlingAuthenticator,103,10,658,,
org.apache.sling.auth.core.impl.SlingAuthenticator,104,33,3136,TIMED_OUT,
org.apache.sling.auth.core.impl.SlingAuthenticator,105,10,353,,
org.apache.sling.auth.core.impl.SlingAuthenticator,106,25,14,,
org.apache.sling.auth.core.impl.SlingAuthenticator,107,26,17,,
org.apache.sling.auth.core.impl.SlingAuthenticator,108,27,15,,
org.apache.sling.auth.core.impl.SlingAuthenticator,109,27,8,,
org.apache.sling.auth.core.impl.SlingAuthenticator,110,27,6,,
org.apache.sling.auth.core.impl.SlingAuthenticator,111,27,6,,
org.apache.sling.auth.core.impl.SlingAuthenticator,112,28,6,,
org.apache.sling.auth.core.impl.SlingAuthenticator,113,28,6,,
org.apache.sling.auth.core.impl.SlingAuthenticator,114,28,1,,
org.apache.sling.auth.core.impl.SlingAuthenticator,115,29,7,,
org.apache.sling.auth.core.impl.SlingAuthenticator,116,31,41,,
org.apache.sling.auth.core.impl.SlingAuthenticator,117,32,3,,
org.apache.sling.auth.core.impl.SlingAuthenticator,118,31,3,,
org.apache.sling.auth.core.impl.SlingAuthenticator,119,32,7,,
org.apache.sling.auth.core.impl.SlingAuthenticator,120,33,7,,
org.apache.sling.auth.core.impl.SlingAuthenticator,121,30,6,,
org.apache.sling.auth.core.impl.SlingAuthenticator,122,30,6,,
org.apache.sling.auth.core.impl.SlingAuthenticator,123,32,7,,
org.apache.sling.auth.core.impl.SlingAuthenticator,124,37,7,,
org.apache.sling.auth.core.impl.SlingAuthenticator,125,33,7,,
org.apache.sling.auth.core.impl.SlingAuthenticator,126,33,6,,
org.apache.sling.auth.core.impl.SlingAuthenticator,127,38,6,,
org.apache.sling.auth.core.impl.SlingAuthenticator,128,31,471,,
org.apache.sling.auth.core.impl.SlingAuthenticator,129,68,224,,
org.apache.sling.auth.core.impl.SlingAuthenticator,130,37,106,,
org.apache.sling.auth.core.impl.SlingAuthenticator,131,37,233,,
org.apache.sling.auth.core.impl.SlingAuthenticator,132,37,117,,
org.apache.sling.auth.core.impl.SlingAuthenticator,133,36,110,,
org.apache.sling.auth.core.impl.SlingAuthenticator,134,81,16,,
org.apache.sling.auth.core.impl.SlingAuthenticator,135,36,5,,
org.apache.sling.auth.core.impl.SlingAuthenticator,136,37,2,,
org.apache.sling.auth.core.impl.SlingAuthenticator,137,37,4,,
org.apache.sling.auth.core.impl.SlingAuthenticator,138,36,114,,
org.apache.sling.auth.core.impl.SlingAuthenticator,139,73,119,,
org.apache.sling.auth.core.impl.SlingAuthenticator,140,38,5,,
org.apache.sling.auth.core.impl.SlingAuthenticator,141,37,6,,
org.apache.sling.auth.core.impl.SlingAuthenticator,142,36,5,,
org.apache.sling.auth.core.impl.SlingAuthenticator,143,36,5,,
org.apache.sling.auth.core.impl.SlingAuthenticator,144,37,7,,
org.apache.sling.auth.core.impl.SlingAuthenticator,145,38,1,,
org.apache.sling.auth.core.impl.SlingAuthenticator,146,37,5,,
org.apache.sling.auth.core.AuthUtil,147,3,553,,
Group Runtime,,686,,,1
org.apache.sling.auth.core.impl.AuthenticationRequirementsManager,189,6,537,,
org.apache.sling.auth.core.impl.AuthenticationRequirementsManager,190,19,3,,
org.apache.sling.auth.core.impl.AuthenticationRequirementsManager,191,18,4,,
org.apache.sling.auth.core.impl.AuthenticationRequirementsManager,192,19,461,,
org.apache.sling.auth.core.impl.AuthenticationRequirementsManager,193,42,286,,
org.apache.sling.auth.core.impl.AuthenticationRequirementsManager,194,65,5,,
org.apache.sling.auth.core.impl.AuthenticationRequirementsManager,195,28,269,,
org.apache.sling.auth.core.impl.AuthenticationRequirementsManager,196,28,17,,
org.apache.sling.auth.core.impl.AuthenticationRequirementsManager,197,53,15,,
org.apache.sling.auth.core.impl.AuthenticationRequirementsManager,198,29,15,,
org.apache.sling.auth.core.impl.AuthenticationRequirementsManager,199,32,17,,
org.apache.sling.auth.core.impl.AuthenticationRequirementsManager,200,30,18,,
org.apache.sling.auth.core.impl.AuthenticationRequirementsManager,201,29,17,,
org.apache.sling.auth.core.impl.AuthenticationRequirementsManager,202,35,20,,
org.apache.sling.auth.core.impl.AuthenticationRequirementsManager,203,34,16,,
org.apache.sling.auth.core.impl.AuthenticationRequirementsManager,204,31,16,,
org.apache.sling.auth.core.impl.AuthenticationRequirementsManager,205,29,15,,
org.apache.sling.auth.core.impl.AuthenticationRequirementsManager,206,27,14,,
org.apache.sling.auth.core.impl.AuthenticationRequirementsManager,207,28,13,,
org.apache.sling.auth.core.impl.AuthenticationRequirementsManager,208,35,14,,
org.apache.sling.auth.core.impl.AuthenticationRequirementsManager,209,35,11,,
org.apache.sling.auth.core.impl.AuthenticationRequirementsManager,210,36,13,,
org.apache.sling.auth.core.impl.AuthenticationRequirementsManager,211,28,5,,
org.apache.sling.auth.core.impl.AuthenticationRequirementsManager,212,30,5,,
org.apache.sling.auth.core.impl.AuthenticationRequirementsManager,213,29,3,,
org.apache.sling.auth.core.impl.AuthenticationRequirementsManager,214,29,262,,
org.apache.sling.auth.core.impl.AuthenticationRequirementsManager,215,57,248,,
org.apache.sling.auth.core.impl.AuthenticationRequirementsManager,216,32,3,,
org.apache.sling.auth.core.impl.AuthenticationRequirementsManager,217,30,4,,
org.apache.sling.auth.core.impl.AuthenticationRequirementsManager,218,29,253,,
org.apache.sling.auth.core.impl.AuthenticationRequirementsManager,219,58,240,,
org.apache.sling.auth.core.impl.AuthenticationRequirementsManager,220,32,3,,
org.apache.sling.auth.core.impl.AuthenticationRequirementsManager,221,32,253,,
org.apache.sling.auth.core.impl.AuthenticationRequirementsManager,222,34,238,,
org.apache.sling.auth.core.impl.AuthenticationRequirementsManager,223,32,252,,
org.apache.sling.auth.core.impl.AuthenticationRequirementsManager,224,36,10,,
org.apache.sling.auth.core.impl.AuthenticationRequirementsManager,225,32,9,,
org.apache.sling.auth.core.impl.AuthenticationRequirementsManager,226,33,9,,
org.apache.sling.auth.core.impl.AuthenticationRequirementsManager,227,32,8,,
org.apache.sling.auth.core.impl.AuthenticationRequirementsManager,228,31,9,,
org.apache.sling.auth.core.impl.AuthenticationRequirementsManager,229,32,8,,
org.apache.sling.auth.core.impl.AuthenticationRequirementsManager,230,32,9,,
org.apache.sling.auth.core.impl.AuthenticationRequirementsManager,231,32,10,,
org.apache.sling.auth.core.impl.AuthenticationRequirementsManager,232,31,9,,
org.apache.sling.auth.core.impl.AuthenticationRequirementsManager,233,31,8,,
org.apache.sling.auth.core.impl.AuthenticationRequirementsManager,234,30,9,,
org.apache.sling.auth.core.impl.AuthenticationRequirementsManager,235,32,8,,
org.apache.sling.auth.core.impl.AuthenticationRequirementsManager,236,32,5,,
org.apache.sling.auth.core.impl.AuthenticationRequirementsManager,237,31,11,,
org.apache.sling.auth.core.impl.AuthenticationRequirementsManager,238,31,11,,
org.apache.sling.auth.core.impl.AuthenticationRequirementsManager,239,31,5,,
org.apache.sling.auth.core.impl.AuthenticationRequirementsManager,240,31,5,,
org.apache.sling.auth.core.impl.AuthenticationRequirementsManager,241,31,250,,
org.apache.sling.auth.core.impl.AuthenticationRequirementsManager,242,32,3006,TIMED_OUT,
org.apache.sling.auth.core.impl.AuthenticationRequirementsManager,243,5,878,,
org.apache.sling.auth.core.impl.AuthenticationRequirementsManager,244,32,3004,TIMED_OUT,
org.apache.sling.auth.core.impl.AuthenticationRequirementsManager,245,5,366,,
org.apache.sling.auth.core.impl.AuthenticationRequirementsManager,246,17,25,,
org.apache.sling.auth.core.impl.AuthenticationRequirementsManager,247,17,509,,
org.apache.sling.auth.core.impl.AuthenticationRequirementsManager,248,31,0,TIMED_OUT,
org.apache.sling.auth.core.impl.AuthenticationRequirementsManager,249,5,358,,
org.apache.sling.auth.core.impl.AuthenticationRequirementsManager,250,16,43,,
org.apache.sling.auth.core.impl.AuthenticationRequirementsManager,251,17,511,,
org.apache.sling.auth.core.impl.AuthenticationRequirementsManager,252,31,19,,
org.apache.sling.auth.core.impl.AuthenticationRequirementsManager,253,25,247,,
org.apache.sling.auth.core.impl.AuthenticationRequirementsManager,254,58,35,,
org.apache.sling.auth.core.impl.AuthenticationRequirementsManager,255,33,23,,
org.apache.sling.auth.core.impl.AuthenticationRequirementsManager,256,26,16,,
org.apache.sling.auth.core.impl.AuthenticationRequirementsManager,257,26,330,,
org.apache.sling.auth.core.impl.AuthenticationRequirementsManager,258,57,284,,
org.apache.sling.auth.core.impl.AuthenticationRequirementsManager,259,64,17,,
org.apache.sling.auth.core.impl.AuthenticationRequirementsManager,260,27,16,,
org.apache.sling.auth.core.impl.AuthenticationRequirementsManager,261,27,20,,
org.apache.sling.auth.core.impl.AuthenticationRequirementsManager,262,29,23,,
org.apache.sling.auth.core.impl.AuthenticationRequirementsManager,263,38,15,,
org.apache.sling.auth.core.impl.AuthenticationRequirementsManager,264,34,18,,
org.apache.sling.auth.core.impl.AuthenticationRequirementsManager,265,36,20,,
org.apache.sling.auth.core.impl.AuthenticationRequirementsManager,266,30,15,,
org.apache.sling.auth.core.impl.AuthenticationRequirementsManager,267,30,13,,
org.apache.sling.auth.core.impl.AuthenticationRequirementsManager,268,28,5,,
org.apache.sling.auth.core.impl.AuthenticationRequirementsManager,269,32,12,,
org.apache.sling.auth.core.impl.AuthenticationRequirementsManager,270,28,12,,
org.apache.sling.auth.core.impl.AuthenticationRequirementsManager,271,28,223,,
org.apache.sling.auth.core.impl.AuthenticationRequirementsManager,272,72,233,,
org.apache.sling.auth.core.impl.AuthenticationRequirementsManager,273,30,214,,
org.apache.sling.auth.core.impl.AuthenticationRequirementsManager,274,30,233,,
Group Runtime,,4150,,,26
org.apache.sling.auth.core.impl.PathBasedHolder,275,3,567,,
org.apache.sling.auth.core.impl.PathBasedHolder,276,15,44,,
org.apache.sling.auth.core.impl.PathBasedHolder,277,23,419,,
org.apache.sling.auth.core.impl.PathBasedHolder,278,22,257,,
org.apache.sling.auth.core.impl.PathBasedHolder,279,21,277,,
org.apache.sling.auth.core.impl.PathBasedHolder,280,49,249,,
org.apache.sling.auth.core.impl.PathBasedHolder,281,31,253,,
org.apache.sling.auth.core.impl.PathBasedHolder,282,24,248,,
org.apache.sling.auth.core.impl.PathBasedHolder,283,25,266,,
org.apache.sling.auth.core.impl.PathBasedHolder,284,26,261,,
org.apache.sling.auth.core.impl.PathBasedHolder,285,26,5,,
org.apache.sling.auth.core.impl.PathBasedHolder,286,24,277,,
org.apache.sling.auth.core.impl.PathBasedHolder,287,26,9,,
org.apache.sling.auth.core.impl.PathBasedHolder,288,25,8,,
org.apache.sling.auth.core.impl.PathBasedHolder,289,25,9,,
org.apache.sling.auth.core.impl.PathBasedHolder,290,24,8,,
org.apache.sling.auth.core.impl.PathBasedHolder,291,25,9,,
org.apache.sling.auth.core.impl.PathBasedHolder,292,24,9,,
org.apache.sling.auth.core.impl.PathBasedHolder,293,25,8,,
org.apache.sling.auth.core.impl.PathBasedHolder,294,25,8,,
org.apache.sling.auth.core.impl.PathBasedHolder,295,27,120,,
org.apache.sling.auth.core.impl.PathBasedHolder,296,25,245,,
org.apache.sling.auth.core.impl.PathBasedHolder,297,25,131,,
org.apache.sling.auth.core.impl.PathBasedHolder,298,25,9,,
org.apache.sling.auth.core.impl.PathBasedHolder,299,25,7,,
org.apache.sling.auth.core.impl.PathBasedHolder,300,25,6,,
org.apache.sling.auth.core.impl.PathBasedHolder,301,25,4,,
org.apache.sling.auth.core.impl.PathBasedHolder,302,24,3138,TIMED_OUT,
org.apache.sling.auth.core.impl.PathBasedHolder,303,3,337,,
org.apache.sling.auth.core.impl.PathBasedHolder,304,10,369,,
org.apache.sling.auth.core.impl.PathBasedHolder,305,16,15,,
Group Runtime,,888,,,3
org.apache.sling.auth.core.spi.AuthenticationInfo$ReadOnlyAuthenticationInfo,306,3,14,,
org.apache.sling.auth.core.spi.AuthenticationInfo$ReadOnlyAuthenticationInfo,307,5,21,,
org.apache.sling.auth.core.spi.AuthenticationInfo$ReadOnlyAuthenticationInfo,308,6,19,,
org.apache.sling.auth.core.spi.AuthenticationInfo$ReadOnlyAuthenticationInfo,309,10,14,,
org.apache.sling.auth.core.spi.AuthenticationInfo$ReadOnlyAuthenticationInfo,310,11,1,,
org.apache.sling.auth.core.spi.AuthenticationInfo$ReadOnlyAuthenticationInfo,311,11,13,,
org.apache.sling.auth.core.spi.AuthenticationInfo$ReadOnlyAuthenticationInfo,312,9,2,,
org.apache.sling.auth.core.spi.AuthenticationInfo$ReadOnlyAuthenticationInfo,313,9,1,,
org.apache.sling.auth.core.spi.AuthenticationInfo$ReadOnlyAuthenticationInfo,314,9,1,,
org.apache.sling.auth.core.spi.AuthenticationInfo$ReadOnlyAuthenticationInfo,315,10,1,,
org.apache.sling.auth.core.spi.AuthenticationInfo$ReadOnlyAuthenticationInfo,316,10,1,,
org.apache.sling.auth.core.spi.AuthenticationInfo$ReadOnlyAuthenticationInfo,317,10,1,,
org.apache.sling.auth.core.spi.AuthenticationInfo$ReadOnlyAuthenticationInfo,318,9,1,,
org.apache.sling.auth.core.spi.AuthenticationInfo$ReadOnlyAuthenticationInfo,319,9,1,,
org.apache.sling.auth.core.spi.AuthenticationInfo$ReadOnlyAuthenticationInfo,320,9,1,,
org.apache.sling.auth.core.spi.AuthenticationInfo$ReadOnlyAuthenticationInfo,321,9,1,,
org.apache.sling.auth.core.spi.AuthenticationInfo$ReadOnlyAuthenticationInfo,322,9,1,,
org.apache.sling.auth.core.spi.AuthenticationInfo$ReadOnlyAuthenticationInfo,323,10,1,,
org.apache.sling.auth.core.spi.AuthenticationInfo$ReadOnlyAuthenticationInfo,324,10,1,,
org.apache.sling.auth.core.spi.AuthenticationInfo$ReadOnlyAuthenticationInfo,325,9,1,,
org.apache.sling.auth.core.spi.AuthenticationInfo$ReadOnlyAuthenticationInfo,326,10,1,,
org.apache.sling.auth.core.spi.AuthenticationInfo$ReadOnlyAuthenticationInfo,327,9,1,,
org.apache.sling.auth.core.spi.AuthenticationInfo$ReadOnlyAuthenticationInfo,328,13,1,,
org.apache.sling.auth.core.spi.AuthenticationInfo$ReadOnlyAuthenticationInfo,329,14,1,,
org.apache.sling.auth.core.spi.AuthenticationInfo$ReadOnlyAuthenticationInfo,330,14,1,,
org.apache.sling.auth.core.spi.AuthenticationInfo$ReadOnlyAuthenticationInfo,331,14,1,,
Group Runtime,,582,,,26
org.apache.sling.auth.core.impl.HttpBasicAuthenticationHandler,332,3,542,,
org.apache.sling.auth.core.impl.HttpBasicAuthenticationHandler,333,15,13,,
org.apache.sling.auth.core.impl.HttpBasicAuthenticationHandler,334,14,9,,
org.apache.sling.auth.core.impl.HttpBasicAuthenticationHandler,335,15,8,,
org.apache.sling.auth.core.impl.HttpBasicAuthenticationHandler,336,15,8,,
org.apache.sling.auth.core.impl.HttpBasicAuthenticationHandler,337,15,7,,
org.apache.sling.auth.core.impl.HttpBasicAuthenticationHandler,338,16,6,,
org.apache.sling.auth.core.impl.HttpBasicAuthenticationHandler,339,16,7,,
Group Runtime,,866,,,8
org.apache.sling.auth.core.impl.AuthenticationHandlerHolder,340,3,808,,
org.apache.sling.auth.core.impl.AuthenticationHandlerHolder,341,35,273,,
org.apache.sling.auth.core.impl.AuthenticationHandlerHolder,342,33,3136,TIMED_OUT,
org.apache.sling.auth.core.impl.AuthenticationHandlerHolder,343,3,513,,
Group Runtime,,635,,,1
org.apache.sling.auth.core.impl.AuthenticationHandlersManager,344,4,893,,
org.apache.sling.auth.core.impl.AuthenticationHandlersManager,345,19,4,TIMED_OUT,
org.apache.sling.auth.core.impl.AuthenticationHandlersManager,346,4,258,,
org.apache.sling.auth.core.impl.AuthenticationHandlersManager,347,9,6,,
org.apache.sling.auth.core.impl.AuthenticationHandlersManager,348,9,3,,
org.apache.sling.auth.core.impl.AuthenticationHandlersManager,349,9,4,,
org.apache.sling.auth.core.impl.AuthenticationHandlersManager,350,9,529,,
org.apache.sling.auth.core.impl.AuthenticationHandlersManager,351,20,253,,
org.apache.sling.auth.core.impl.AuthenticationHandlersManager,352,20,3144,TIMED_OUT,
org.apache.sling.auth.core.impl.AuthenticationHandlersManager,353,4,3401,TIMED_OUT,
org.apache.sling.auth.core.impl.AuthenticationHandlersManager,354,4,3409,TIMED_OUT,
org.apache.sling.auth.core.impl.AuthenticationHandlersManager,355,4,268,TIMED_OUT,
org.apache.sling.auth.core.impl.AuthenticationHandlersManager,356,4,3405,TIMED_OUT,
org.apache.sling.auth.core.impl.AuthenticationHandlersManager,357,4,3402,TIMED_OUT,
org.apache.sling.auth.core.impl.AuthenticationHandlersManager,358,4,274,,
org.apache.sling.auth.core.impl.AuthenticationHandlersManager,359,9,15,,
org.apache.sling.auth.core.impl.AuthenticationHandlersManager,360,9,211,,
org.apache.sling.auth.core.impl.AuthenticationHandlersManager,361,14,7,,
org.apache.sling.auth.core.impl.AuthenticationHandlersManager,362,16,3,,
org.apache.sling.auth.core.impl.AuthenticationHandlersManager,363,15,463,,
org.apache.sling.auth.core.impl.AuthenticationHandlersManager,364,57,13,,
org.apache.sling.auth.core.impl.AuthenticationHandlersManager,365,26,7,,
org.apache.sling.auth.core.impl.AuthenticationHandlersManager,366,25,3,,
org.apache.sling.auth.core.impl.AuthenticationHandlersManager,367,21,3,,
org.apache.sling.auth.core.impl.AuthenticationHandlersManager,368,21,3,,
org.apache.sling.auth.core.impl.AuthenticationHandlersManager,369,21,3,,
Group Runtime,,1447,,,12
org.apache.sling.auth.core.spi.AuthenticationInfo,370,3,892,,
org.apache.sling.auth.core.spi.AuthenticationInfo,371,43,254,,
org.apache.sling.auth.core.spi.AuthenticationInfo,372,19,1,,
org.apache.sling.auth.core.spi.AuthenticationInfo,373,19,1,,
org.apache.sling.auth.core.spi.AuthenticationInfo,374,18,248,,
org.apache.sling.auth.core.spi.AuthenticationInfo,375,19,4,,
org.apache.sling.auth.core.spi.AuthenticationInfo,376,19,232,,
org.apache.sling.auth.core.spi.AuthenticationInfo,377,51,29,,
org.apache.sling.auth.core.spi.AuthenticationInfo,378,20,2,,
org.apache.sling.auth.core.spi.AuthenticationInfo,379,19,24,,
org.apache.sling.auth.core.spi.AuthenticationInfo,380,23,12,,
org.apache.sling.auth.core.spi.AuthenticationInfo,381,22,24,,
org.apache.sling.auth.core.spi.AuthenticationInfo,382,22,12,,
org.apache.sling.auth.core.spi.AuthenticationInfo,383,22,231,,
org.apache.sling.auth.core.spi.AuthenticationInfo,384,60,145,,
org.apache.sling.auth.core.spi.AuthenticationInfo,385,48,3257,TIMED_OUT,
org.apache.sling.auth.core.spi.AuthenticationInfo,386,3,3770,TIMED_OUT,
org.apache.sling.auth.core.spi.DefaultAuthenticationFeedbackHandler,387,3,527,,
org.apache.sling.auth.core.spi.DefaultAuthenticationFeedbackHandler,388,13,300,,
org.apache.sling.auth.core.spi.DefaultAuthenticationFeedbackHandler,389,22,258,,
org.apache.sling.auth.core.spi.DefaultAuthenticationFeedbackHandler,390,14,238,,
Group Runtime,,1509,,,4
org.apache.sling.auth.core.impl.AuthenticationRequirementHolder,391,3,353,,
org.apache.sling.auth.core.impl.AuthenticationRequirementHolder,392,10,22,,
org.apache.sling.auth.core.impl.AuthenticationRequirementHolder,393,11,15,,
org.apache.sling.auth.core.impl.AuthenticationRequirementHolder,394,11,14,,
org.apache.sling.auth.core.impl.AuthenticationRequirementHolder,395,11,7,,
org.apache.sling.auth.core.impl.AuthenticationRequirementHolder,396,12,12,,
org.apache.sling.auth.core.impl.AuthenticationRequirementHolder,397,13,20,,
org.apache.sling.auth.core.impl.AuthenticationRequirementHolder,398,13,18,,
org.apache.sling.auth.core.impl.AuthenticationRequirementHolder,399,13,20,,
org.apache.sling.auth.core.impl.AuthenticationRequirementHolder,400,14,17,,
org.apache.sling.auth.core.impl.AuthenticationRequirementHolder,401,14,16,,
org.apache.sling.auth.core.impl.AuthenticationRequirementHolder,402,14,343,,
org.apache.sling.auth.core.impl.AuthenticationRequirementHolder,403,19,128,,
Group Runtime,,1312,,,13
org.apache.sling.auth.core.impl.hc.DefaultLoginsHealthCheck,404,3,269,,
org.apache.sling.auth.core.impl.hc.DefaultLoginsHealthCheck,405,7,1,,
org.apache.sling.auth.core.impl.hc.DefaultLoginsHealthCheck,406,7,6,,
org.apache.sling.auth.core.impl.hc.DefaultLoginsHealthCheck,407,8,3,,
org.apache.sling.auth.core.impl.hc.DefaultLoginsHealthCheck,408,8,4,,
org.apache.sling.auth.core.impl.hc.DefaultLoginsHealthCheck,409,7,10,,
org.apache.sling.auth.core.impl.hc.DefaultLoginsHealthCheck,410,8,3,,
org.apache.sling.auth.core.impl.hc.DefaultLoginsHealthCheck,411,8,1,,
org.apache.sling.auth.core.impl.hc.DefaultLoginsHealthCheck,412,8,1,,
org.apache.sling.auth.core.impl.hc.DefaultLoginsHealthCheck,413,8,1,,
org.apache.sling.auth.core.impl.hc.DefaultLoginsHealthCheck,414,8,1,,
org.apache.sling.auth.core.impl.hc.DefaultLoginsHealthCheck,415,8,1,,
org.apache.sling.auth.core.impl.hc.DefaultLoginsHealthCheck,416,8,2,,
org.apache.sling.auth.core.impl.hc.DefaultLoginsHealthCheck,417,8,1,,
org.apache.sling.auth.core.impl.hc.DefaultLoginsHealthCheck,418,8,2,,
org.apache.sling.auth.core.impl.hc.DefaultLoginsHealthCheck,419,8,4,,
org.apache.sling.auth.core.impl.AbstractAuthenticationHandlerHolder,420,2,839,,
org.apache.sling.auth.core.impl.AbstractAuthenticationHandlerHolder,421,26,3156,TIMED_OUT,
org.apache.sling.auth.core.impl.AbstractAuthenticationHandlerHolder,422,2,853,,
org.apache.sling.auth.core.impl.AbstractAuthenticationHandlerHolder,423,25,253,,
org.apache.sling.auth.core.impl.AbstractAuthenticationHandlerHolder,424,47,261,,
org.apache.sling.auth.core.impl.AbstractAuthenticationHandlerHolder,425,44,253,,
org.apache.sling.auth.core.impl.AbstractAuthenticationHandlerHolder,426,17,250,,
Group Runtime,,2182,,,5
org.apache.sling.auth.core.impl.PathBasedHolderCache,427,3,560,,
org.apache.sling.auth.core.impl.PathBasedHolderCache,428,15,457,,
org.apache.sling.auth.core.impl.PathBasedHolderCache,429,48,269,,
org.apache.sling.auth.core.impl.PathBasedHolderCache,430,45,24,,
org.apache.sling.auth.core.impl.PathBasedHolderCache,431,21,7,TIMED_OUT,
org.apache.sling.auth.core.impl.PathBasedHolderCache,432,3,566,,
org.apache.sling.auth.core.impl.PathBasedHolderCache,433,17,66,,
org.apache.sling.auth.core.impl.PathBasedHolderCache,434,23,42,,
org.apache.sling.auth.core.impl.PathBasedHolderCache,435,20,30,,
org.apache.sling.auth.core.impl.PathBasedHolderCache,436,21,30,,
org.apache.sling.auth.core.impl.PathBasedHolderCache,437,25,31,,
Group Runtime,,1033,,,6
org.apache.sling.auth.core.impl.FailureCodesMapper,438,2,11,TIMED_OUT,
org.apache.sling.auth.core.impl.FailureCodesMapper,439,2,616,,
org.apache.sling.auth.core.impl.FailureCodesMapper,440,14,2,,
org.apache.sling.auth.core.impl.FailureCodesMapper,441,14,1,,
org.apache.sling.auth.core.impl.FailureCodesMapper,442,15,116,,
org.apache.sling.auth.core.impl.FailureCodesMapper,443,14,114,,
org.apache.sling.auth.core.impl.FailureCodesMapper,444,48,115,,
org.apache.sling.auth.core.impl.FailureCodesMapper,445,50,10,,
org.apache.sling.auth.core.impl.FailureCodesMapper,446,14,1,,
org.apache.sling.auth.core.impl.FailureCodesMapper,447,13,110,,
Group Runtime,,1442,,,9
org.apache.sling.auth.core.impl.SlingAuthenticationMetrics,448,2,811,,
org.apache.sling.auth.core.impl.SlingAuthenticationMetrics,449,42,268,,
org.apache.sling.auth.core.impl.SlingAuthenticationMetrics,450,46,3,,
Group Runtime,,1319,,,3
Total Runtime,,10721,113024,32,410
Complete Runtime,,181,,,
